Gene,log_odds
group_1001,
tig,
legF_1,
rnr,
mobA,
group_1091,
mutS2,
uvrC,
group_1177,
group_1179,
fabI,
napA_1,
mco,
lysA,
group_1222,
glnD,
murC,
hypB,
thiH,
group_1309,
ppiB,
tdeA,
macB,
hydA,
hemC,
pht4,
group_1370,
cdtA,
gyrA,
mnmG,
group_1526,
group_1529,
hemW,
accC,
mog,
htpX,
group_1548,
pstC1,
group_1551,
sucC,
yclP,
fdnG-3,
group_1583,
dps,
tupA,
dxs,
group_1596,
pyrF,
obg,
group_1615,
group_1632,
gapA,
yicL,
group_1734,
cfiB,
thiG,
mfd,
luxS,
pseB,
hisF_2,
hisJ,
corA,
hiuH,
rlpA,
hypD,
besA,
metC,
pgk,
rimO,
group_1793,
group_1794,
purA,
dusB,
ttcA,
group_1816,
pyrG,
group_1818,
mreB,
prpB,
carB,
group_1822,
serB,
bioA,
nagD,
uvrA,
ftsH_2,
gatC,
der_3,
rnhA,
group_1839,
fliP,
iscS,
group_1848,
purL,
glnM_2,
group_1862,
hemH,
rcsC,
fabD,
group_1944,
group_1954,
rpoBC_1,
group_1991,
dsbI,
xerH,
trpG,
flgE,
group_2003,
group_2004,
proP_1,
rsmG,
group_2009,
group_2011,
metK,
pglC,
petB,
pyrC_1,
gatB,
vldW,
group_2028,
flaC,
aroH,
waaA,
group_2033,
flgH,
priA,
dcuB,
group_2044,
yiiM,
czcS,
group_2059,
group_2060,
icd2,
group_2062,
group_2063,
group_2067,
yfiC,
fusA,
group_2073,
group_2074,
tenA,
group_2076,
group_2077,
mlaA,
group_2082,
group_2088,
selD,
group_2092,
fdhB1,
purM,
btuD_3,
eno,
group_2102,
rplW,
group_2104,
group_2105,
metY,
gltB_1,
gltB_2,
queC,
ilvE,
surE,
fliG,
flhB,
pomA,
trpS,
group_2129,
group_2130,
group_2131,
group_2133,
dapD,
prfA,
fepC,
group_2147,
ribD,
sdaC,
mlaE,
nhaA_2,
group_2154,
fbp,
yccU,
group_2167,
uvrD,
group_2169,
group_2170,
exoA,
mnmA_2,
group_2180,
czcD,
fliI,
rsfS,
cheR,
group_2375,
group_2376,
artQ,
glnP_2,
rpiB,
group_2380,
pepA,
ychF,
group_2384,
group_2385,
group_2387,
group_2388,
group_2389,
group_2390,
group_2391,
ccsA,
livH,
group_2394,
lon,
group_2404,
nth_1,
ispE,
cheY,
pglJ,
pglI,
galE,
group_2420,
group_2422,
ftsY,
rny,
group_2425,
groS,
groL,
cbpA,
group_2431,
hemE,
guaA,
pnp,
group_2436,
group_2437,
folP,
tatC,
ilvB,
yqeY,
maeB,
fabH_2,
rimM,
flgG_2,
ftsZ,
ppiD,
group_2452,
ispG,
group_2454,
group_2455,
uvrB,
argG,
rplI,
mrdA,
engB,
rsmF,
group_2464,
hipO,
group_2467,
dnaJ,
group_2469,
ftsE,
trmB,
mepA,
fliS,
group_2474,
group_2475,
korA,
rsxB_1,
mdh,
mltG,
group_2480,
group_2482,
purS,
ctpA,
alaS,
trpC_1,
rpsL,
rpoBC_2,
rplL,
group_2492,
miaB,
group_2495,
bzaF,
rpmB,
accA,
group_2501,
group_2502,
mqnE,
adeQ,
group_2505,
tuf,
group_2509,
group_2512,
flgI,
group_2518,
group_2520,
group_2521,
group_2522,
group_2524,
group_2525,
ccoN1,
group_2528,
yedF,
gtaB,
clpP,
futA1,
group_2543,
mntP,
group_2545,
moaA_3,
group_2547,
group_2548,
rsmE,
rlmB,
infB,
group_2554,
group_2555,
dksA,
ybeY,
group_2558,
atpD_1,
ligA_1,
recA,
mqnD,
gltA,
bioB,
topA,
rplR,
rplF,
rpsH,
rplE,
group_2576,
rluB,
rnj,
group_2579,
queF,
dnaA,
ilvD,
group_2585,
yisK,
nrdA,
thyX,
prpC,
tal,
gdnD,
rplY,
fliF,
xseA,
rpmF,
group_2601,
ahpC,
polA,
trpB,
group_2606,
rpsU,
group_2611,
group_2612,
der_2,
yceI,
group_2615,
group_2617,
ndhJ,
hisB,
pgpA,
hmuU,
moaA_1,
group_2627,
tolQ_1,
rnc,
group_2631,
mkl,
group_2633,
nhaA_1,
resA_2,
aspA,
group_2638,
group_2639,
cpdA,
group_2641,
group_2642,
glmU,
fabL,
dapA_2,
msbA,
murJ,
ddl,
purU,
cca,
group_2654,
group_2655,
napG,
tpx,
valS,
group_2661,
shdB,
speA,
dnaK,
infC,
cynT,
group_2673,
pyrC_2,
group_2675,
group_2676,
fliM,
group_2678,
group_2681,
djlA_2,
group_2683,
lolA,
secA,
lolE,
lnt,
aroC,
ftsK,
znuA,
pepF1,
group_2975,
group_352,
lepA,
dctA,
bepE,
group_4686,
csoR,
pyrH,
fliQ,
ypeA,
soj,
nadK,
group_4693,
trxA,
rnpA,
acpP,
group_4697,
rplN,
yqaA,
group_4700,
hup,
rpmH,
rpmA,
group_4704,
group_4705,
group_4706,
group_4707,
group_4708,
csrA,
group_4710,
argF,
pckA,
group_4713,
yecS,
yidD,
group_4716,
group_4717,
selA,
group_4719,
group_4720,
lpxD,
accD,
msrA,
argB,
rlmN,
metN,
fliW,
trxB,
prmA,
group_4730,
murD,
truB,
prs,
ftsI,
rsmA,
rplS,
tdcB,
pyrD,
murB,
aroA,
tgt,
thrC,
pyrE,
rluD,
group_4745,
group_4746,
metE,
coaX,
dppD,
pal_2,
aspS,
argH,
trpA,
group_4754,
napH,
group_4756,
group_4757,
mraY,
pcrA,
rho,
tpd,
relA,
group_4763,
atpB,
group_4765,
proC,
hisD,
cusR,
fba,
ftsH_1,
rbr1,
group_4772,
pyk,
pglK,
rpsJ,
nuoJ,
sufS,
ruvA,
ydfG,
lepB,
sasA_1,
trmD,
group_4783,
purQ,
oadA,
group_4786,
group_4787,
group_4788,
group_4789,
group_4790,
tolB,
group_4792,
tufA,
lpxA,
group_4795,
group_4796,
group_4797,
purC,
group_4799,
lptD,
group_4801,
group_4802,
rplJ,
atoC,
rpoD,
group_4806,
argD,
lutA_1,
lptA,
proP_3,
rplA,
tsaE,
leuA,
group_4814,
frr,
pbpF,
mutY,
lptB_1,
cysS,
rpsM,
cheW,
pglA,
glnQ_1,
era,
group_4825,
pheS,
glnA,
trpGD,
hugZ,
ligA_2,
hemN,
pfs,
radA,
cmoA,
ftn,
atpG_2,
group_4836,
flgC,
serA,
group_4839,
clpA,
efp,
fabZ,
group_4843,
glyS,
cbf2,
leuS,
napB,
group_4848,
group_4849,
murI,
gltX,
gpmI,
glnM,
alaC,
group_4855,
dnaE,
lpxK,
murG,
lgt,
ktrA,
aroB,
mtaB,
metG,
group_4864,
dnaB,
mprA_1,
group_4867,
glmM,
group_4869,
ndk,
group_4871,
serS,
group_4873,
tyrS,
proB,
moaC,
group_4877,
group_4878,
hisG,
group_4880,
rpsG,
group_4882,
cymR,
regX3_2,
ribH,
isiB,
lpxB,
rplK,
bamD,
motB,
cheB,
group_4892,
map,
ccpA,
gppA,
nth_2,
frdC,
der_1,
cysK,
group_490,
ribBA,
hemB,
group_4902,
group_4903,
secF,
fmt,
ftsH3,
sodB,
tkt,
purD,
rplQ,
group_4912,
group_4913,
COQ2,
group_4915,
serC,
glnP_1,
actP,
recN,
rplB,
rppH,
pgbB,
ndhC,
fabG,
nrdB,
rplT,
group_4927,
yfkJ,
group_4929,
group_4930,
tyrC,
panB,
yknY,
plsX,
group_4935,
group_4936,
mnmC,
nrfA,
group_4939,
group_4940,
mrdB,
pheT,
rpsD,
fieF,
ftsW,
group_4947,
group_4948,
ruvB,
group_4950,
pglE,
group_4952,
ylxH,
cntI,
rsxB_2,
ppa,
frdB,
glyQ,
lutA_2,
group_4960,
rplM,
queE,
group_4963,
group_4964,
ispH,
flgG_1,
acnB,
group_4968,
group_4969,
clpY,
rplU,
ubiE,
atpA,
ccoP,
ribF,
rpsA,
menF_1,
frdA,
atpG_1,
clpX,
dsbL,
mnmE,
srp54,
birA,
yajR,
murA,
rpsC,
group_4988,
rpoA,
ffh,
group_4992,
rsmI,
group_4994,
group_4995,
fliY,
fabH_1,
aroK,
napD,
apt,
group_5001,
miaA,
group_5003,
nrfH,
ribE,
nusA,
pyrB,
rplP,
rpsE,
lysC,
yccA,
group_5012,
peb1A,
mqo,
dcd,
kdsA,
leuC,
resA_1,
group_5019,
rplX,
nusG,
pal_1,
group_5023,
ftsA,
sat,
prpD,
panC,
group_5028,
group_5029,
dsbD,
murE,
cmoB,
group_5033,
group_5034,
nqo6,
pgbA,
group_5037,
mqnC,
bamA,
pglH,
typA,
rpsQ,
secY,
group_5044,
yajC,
ppk,
pdxA,
group_5048,
ycfH,
mepM,
infA,
rpsP,
glnH,
kefC,
group_5055,
parB,
glnQ_2,
hom,
livF,
group_5060,
queA,
sasA_3,
rpsR,
clpS,
group_5065,
ktrB,
group_5067,
group_5068,
trmL,
atpF,
group_5071,
group_5072,
mobB,
group_5074,
group_5075,
group_5076,
group_5077,
rlmH,
group_5079,
tolQ_2,
ilvH,
group_5082,
group_5083,
group_5084,
smpB,
group_5086,
btuF,
glyA,
nadE,
thrB,
group_5091,
group_5092,
rpsO,
group_5094,
gpt,
group_5096,
purE,
group_5098,
lpxC,
prfB,
fliE,
lptB_2,
pdxJ,
hydB,
group_5105,
sucD,
katA,
folD,
aroE,
group_5110,
greA,
group_5112,
group_5113,
ndhI,
purB,
group_5116,
gpsA,
group_5118,
fdx,
group_5120,
adk,
yohD,
group_5123,
group_5124,
psd_2,
ndhD,
fur,
argC,
group_5129,
yajL,
recR,
nuoK,
lysS,
rpoZ,
hpr,
murF,
group_5137,
hisC,
znuB,
clpB,
asd,
metF,
rpsS,
hslV,
group_5145,
cyf,
group_5147,
copA_2,
group_5149,
menH,
thiE_1,
pcm,
moeA_2,
fumC,
fliA,
group_5156,
aroQ,
group_5158,
tlyA,
group_5160,
rpmG2,
group_5162,
group_5163,
rpsI,
rpsB,
group_5166,
addA,
group_5168,
group_5169,
rpmE,
mprA_2,
aguA,
ndhB,
group_5174,
hemL1,
yrdA,
gyrB,
group_5178,
rpsZ,
panD,
hydC,
gmk,
exbD_1,
group_5184,
kdsB,
nuoD,
group_5187,
rbfA,
ybiT,
group_5190,
group_5191,
group_5192,
trpC_2,
group_5194,
group_5195,
rpsF,
group_5197,
pgi,
alr,
psd_1,
cheV,
group_5202,
tolR,
group_5204,
yidC,
group_5206,
group_5207,
hldD,
pseC,
pseI,
djlA_1,
moeA_1,
secD,
ygiC,
argS,
rplD,
cirA_2,
thrZ,
kdsD,inf
yafP,inf
gdnC,inf
group_1169,-inf
hypE,inf
group_1205,-inf
group_1301,inf
truD,inf
cydA,inf
acpS,inf
kpsT,inf
kpsM,inf
ygeA,inf
group_1735,inf
group_1740,inf
COQ3_1,inf
petA,inf
group_1785,inf
group_1786,inf
group_1834,inf
group_1844,-inf
group_1856,-inf
group_1909,-inf
arsB,inf
cstA,inf
group_2016,-inf
pseG,inf
group_2039,inf
htpG,inf
group_2071,inf
tpiA,inf
group_2098,inf
group_2113,-inf
lspA,-inf
group_2132,-inf
group_2174,-inf
group_2188,-inf
group_226,inf
ssb,inf
group_2418,-inf
copA_1,-inf
group_2435,inf
group_2494,-inf
algC,inf
carA,inf
nnr,inf
rplO,-inf
plsY,inf
group_2619,inf
group_2626,inf
lutB,inf
coaBC,inf
group_2651,inf
napA_2,-inf
metQ_2,inf
hrcA,-inf
ruvC,-inf
group_3048,inf
fapR,-inf
group_3050,inf
group_3051,inf
group_3052,inf
thiD,inf
group_3061,-inf
lolD,inf
tsf,inf
group_3073,inf
group_3074,inf
group_3075,inf
group_3076,inf
group_3077,-inf
group_3079,inf
gph_1,inf
group_3085,-inf
tatB,inf
gltX1,inf
surA,inf
yqgF,-inf
regX3_1,inf
proA,-inf
recG,-inf
group_3110,inf
nadD,inf
tupC,inf
apaH,inf
group_3129,inf
group_3130,inf
atpC,-inf
dnaN,inf
tcyP,inf
group_3147,inf
pheA,inf
nuoL,-inf
lutC,inf
group_3169,inf
truA,inf
group_3171,inf
uppS,inf
group_3173,inf
group_3174,-inf
metQ_1,inf
cysE,-inf
group_3180,-inf
group_3181,-inf
pncB2,-inf
group_3185,-inf
ybgC,-inf
group_3189,-inf
purH,inf
group_3564,inf
crp,inf
group_456,inf
group_598,inf
group_616,inf
group_792,inf
group_819,-inf
ubiD,inf
dapE,inf
group_972,inf
kpsD,inf
dapF,-inf
mcp4,inf
group_1384,inf
adhA,inf
group_1812,inf
group_1840,-0.6718697821126605
uup,inf
group_2040,-inf
group_2084,inf
rnhB,-inf
group_2134,inf
cntB,inf
appA,inf
group_2165,-0.6718697821126605
comC,inf
thiE_2,-inf
group_2407,-inf
group_2408,-inf
degP,inf
group_2430,inf
accB,inf
pstB,inf
sphX,inf
crcB,inf
group_2507,inf
pxpB,inf
mdaB,inf
group_2539,inf
group_2551,-0.6718697821126605
atpD_2,inf
cysQ_1,inf
yfbR,inf
dppC,inf
ung,inf
walR,inf
sstT,inf
aat,-inf
msrB,-inf
pglD,-inf
ilvC,inf
group_3122,inf
purN,inf
group_3127,inf
group_3134,inf
leuD1,-inf
group_3151,-0.6718697821126605
group_3152,inf
hypF,-inf
group_3432,-inf
group_576,inf
group_742,-0.6718697821126605
sasA_2,inf
group_1233,0.026668247082161273
fabF,inf
group_1580,0.026668247082161273
group_1594,inf
group_1598,inf
nikE,0.026668247082161273
btuB,-1.3755990720031426
pglB,0.026668247082161273
group_1836,inf
fokIM,inf
mqnA,-1.3755990720031426
group_2403,0.026668247082161273
tatA,inf
rsmD,-1.3755990720031426
oprF,inf
group_2608,inf
group_2610,inf
lapB,-1.3755990720031426
group_2659,inf
group_3081,0.026668247082161273
ackA,inf
ctb,inf
glmS,inf
group_3111,inf
group_3117,-1.3755990720031426
fliN,inf
group_3153,inf
ttgC,inf
group_3155,inf
group_3158,inf
nuoH,inf
group_3161,inf
group_3164,inf
group_467,inf
group_584,inf
ucpA,inf
acsA,0.026668247082161273
group_784,inf
group_1004,inf
pxpC,inf
flaA,inf
leuB,inf
recD2_2,-0.6770610428083209
upp,0.43755342265966485
group_1518,0.43755342265966485
ycaD,0.43755342265966485
group_1698,inf
acs,inf
sotB_1,inf
group_1986,inf
hemA,inf
prmC,inf
ogt,0.43755342265966485
rsmH,inf
ispB,inf
rpe,-inf
group_3112,inf
bcp,inf
group_3149,inf
ispDF,inf
gmhB,inf
hcpC,inf
gph_2,-1.0932214400332332
group_1811,inf
group_1815,inf
rpoN,inf
pleD,0.7306850998790105
group_2151,-1.0932214400332332
group_2288,0.7306850998790105
atpH,-1.0932214400332332
tupB,inf
cpoB,inf
group_2564,inf
ansZ,-inf
tcdA,-inf
group_3053,-inf
msrP,-2.0902524577840516
nusB,-2.0902524577840516
group_3168,0.7306850998790105
coaD,inf
tmk,inf
group_734,0.7306850998790105
exbB,0.7306850998790105
group_987,-2.0902524577840516
pth,-2.0902524577840516
group_1373,0.9593081169578459
group_1545,-0.6823362644557296
msrQ,-2.3243250796304515
trmA,0.026955809988528295
group_2026,0.026955809988528295
gspF,inf
recJ,-2.3243250796304515
grpE,inf
ibpA,0.026955809988528295
comM,-2.3243250796304515
yeeD,inf
group_3142,inf
pgtP_1,-inf
efeU,0.026955809988528295
group_1235,inf
group_1244,inf
menF_2,1.14713932956277
group_1513,-2.517696472610991
group_1636,1.14713932956277
group_1758,1.14713932956277
group_2137,1.14713932956277
group_2386,1.14713932956277
group_2447,-0.9808292530117262
group_2541,inf
btuD_4,inf
pchF,1.14713932956277
guaB,inf
pglF,inf
group_3102,inf
feoB,1.14713932956277
hisS,inf
cirA_1,-0.9808292530117262
group_989,inf
cobB,1.3068301897656438
yclN,-1.2149018748581264
tdcG,inf
group_1790,inf
group_2106,1.3068301897656438
group_2142,-0.16058157015754862
hisA,inf
xseB,inf
cinA,inf
hisH_1,inf
gatA,inf
ileS,inf
pgsA,1.3068301897656438
group_3078,1.3068301897656438
group_3135,inf
metAA1,inf
group_426,-0.6876975757923807
group_739,-0.16058157015754862
hldE,inf
group_1089,inf
aas,1.4459326274396218
group_1469,0.02724964244737554
maf,-0.9217701976387808
group_1603,-0.4590745587135453
group_2178,0.6031008998751615
dcuA,-0.4590745587135453
lpxL,inf
group_2604,inf
hisI,inf
aer_1,0.02724964244737554
group_653,inf
arsC,inf
yjiA,-0.2712433461086211
czcB,0.1869405026502491
group_1320,-0.2712433461086211
group_1372,-inf
COQ3_2,inf
yihN_2,0.7422033375491395
group_1649,-1.1151415906193203
proS,1.569317918644675
bioF,-inf
group_2519,1.569317918644675
group_2580,0.7422033375491395
pchF_2,inf
group_3100,1.569317918644675
feoA,inf
hisF_1,inf
group_3166,0.7422033375491395
group_732,0.1869405026502491
aer_2,-1.1151415906193203
nrgA,-0.8865185735404848
solA,inf
ldh,0.32604294032422726
group_2100,inf
btuD_2,-inf
fhaC,-0.11155248590574746
group_2517,inf
group_2559,0.8655886287541927
group_2595,-inf
group_3144,-inf
modA,-inf
dinG,0.44942823152928046
bpt,0.9765829621302752
group_1482,-2.3754464412589176
group_1780,1.7812881693607596
dgkA,0.44942823152928046
dxr,inf
purF,-2.3754464412589176
group_3084,1.7812881693607596
group_3119,0.02754995176823065
fdhD,0.02754995176823065
group_3146,-2.3754464412589176
dapB,-2.3754464412589176
group_3183,-2.3754464412589176
group_450,1.7812881693607596
group_916,-2.3754464412589176
ynfM,-1.1966735018443244
group_1547,-0.5389965007326871
queH,0.5604225649053628
group_2669,-2.4824526608264335
group_636,-0.5389965007326871
group_940,-0.2065226700781695
group_1150,1.1702682775745448
group_1387,0.661398482245365
mdtE,inf
group_1795,0.661398482245365
group_2155,1.1702682775745448
mmpA,1.9597709498475484
folE,-1.6714295884620682
group_712,1.9597709498475484
group_994,0.26192957634936626
group_1080,2.0396426267180203
ramA,0.3629054936893685
hxcR,2.0396426267180203
group_2017,inf
group_2530,-0.8491514290365266
group_2531,-0.8491514290365266
dcuD_2,2.0396426267180203
rpsK,0.12883287184296838
putP,0.12883287184296838
group_239,1.3359133368275382
group_1174,inf
group_1312,2.184802057337662
group_1369,0.9197529396026258
group_1393,-0.06453852113757118
zupT,0.22154226994723591
group_2516,2.184802057337662
group_1193,2.2512917986064953
mnmA_1,1.48107276744718
yeeO,0.6212599510466292
pldA,0.6212599510466292
group_3054,-0.47566936678141286
pseH,1.48107276744718
tsaD,2.314349934573632
group_1386,1.547562508716013
thiL,inf
dedA,0.11394425934921769
group_2594,0.6960499402179067
group_3055,-3.7594096049197745
epsJ,1.547562508716013
cysL,0.11394425934921769
group_102,2.3743518913637223
group_1068,inf
group_1073,0.766419381666271
pgdA,inf
bioD,2.3743518913637223
mdtC,-0.7218024363203214
pcaB,2.4316153527377766
group_150,inf
group_1577,-0.6208265189803193
group_1586,inf
alsT,0.5988365010887039
group_233,0.8959672589022409
group_618,-1.1306677226208046
blc,1.7826822510769382
yihN_1,0.9559692156923311
group_673,1.3117256656223821
group_992,1.3117256656223821
group_2159,inf
rfaC,2.589504679705492
def,0.7218965938459311
group_599,2.589504679705492
epsN,1.0680288652960295
group_2157,0.5285252008653915
group_1640,-0.21731263100341652
hypA,1.9344512312512419
group_2097,1.9344512312512419
uppP,inf
wbpE,0.6405848504690898
group_1098,0.8865185735404849
ribA,0.4204646818140624
selU,0.6405848504690898
group_1582,2.774539942371043
exbD_2,-0.2578291093020998
lldP,0.6931471805599453
yclO,2.0268397747470774
group_904,2.0268397747470774
group_1300,1.2667737055649664
pgtP_2,inf
group_2445,inf
rhaM,inf
dapA_1,inf
uxaA_2,inf
group_311,1.6106793775221653
group_382,0.9857252236239328
pxpA,1.6106793775221653
group_611,0.3304299221652503
group_1535,2.858577688560048
group_896,inf
flhA,-0.07750555517081818
strE,0.8393296907380268
group_1853,2.1548483986695657
pgtP_3,1.6972875124401186
COQ3_4,-1.8295937477366244
eptA,-1.8295937477366244
aldA,2.1950991780239058
group_1621,-0.7596369218287783
group_1773,1.3987945238841222
group_1810,0.13685918271719735
group_2680,0.8847423741392291
group_3094,1.3987945238841222
group_3099,inf
group_604,0.4821989023395538
rfaF,1.7386880014446535
legI,1.164721902037722
legG,1.164721902037722
fucP,2.976187677481021
group_1322,0.9287132518727123
group_1345,2.976187677481021
legF_2,1.164721902037722
bacC,1.164721902037722
group_2399,0.02985296314968113
group_3092,1.440195012888657
dnaG,0.23606583280064516
COQ5,1.480445792242997
group_378,1.206122391042257
sbnD,0.9713505090571825
group_1358,2.3097025607629096
tilS,inf
group_291,0.32845437629648105
group_924,2.3460702049337847
rhmT,1.0921813983378192
hxuB,3.1201159932417264
group_568,0.3724252540299641
group_1556,0.7428468491122179
group_320,1.3609765531356006
group_261,0.030583423372080185
group_360,0.3080562916469183
group_419,0.16657319982581556
group_664,1.3973441973064755
group_669,1.666961756572287
group_1352,3.2202262639660724
macA,1.7357768344771183
group_249,0.1171915582900336
group_1163,inf
vacA,-0.2138699145288806
uxaA_1,3.283842336596512
group_3187,0.9641343744395563
flaB,-0.008900249470264012
rfbB,1.865459660925121
fhaB,inf
group_1540,2.6415344178276206
group_1541,2.6415344178276206
group_359,3.375221895258895
ydeN,0.5406785869156718
group_2205,2.6714926053684125
rmlA,1.8964300917919434
group_970,2.6714926053684125
yclQ,-0.0064308903302904025
yojI,3.4337583977114674
pepD,0.6109950853331316
group_242,2.2553322081435003
btuD_1,2.7009830338791176
rhaS,0.22721687670184537
group_280,1.6928084102003114
group_735,1.6928084102003114
hisH_2,-0.36029813630815277
ywrO,inf
group_465,1.7227665977411035
group_198,1.1588311486611644
yabJ,2.7868746794872576
group_1003,1.7813031001936765
group_1756,2.398553817438568
nspC,-0.2674793651342615
group_390,1.6447772788794093
group_2396,3.6525118099430616
rimP,2.9225997153112693
group_2616,3.678408154246641
cugP,1.9473905342257476
citE,0.1326864411589584
group_3143,2.26002547857525
proP_2,3.779384071586643
group_2515,0.4602733446031595
group_684,0.5662804596811555
group_747,2.3110110333081173
group_827,1.470347386399581
group_968,0.1603023185500371
yfcA,0.38706994057986455
group_137,0.5179430915348546
gmhA1,2.3856516916926593
sctC,0.27924794879817
group_1217,1.0183622626565239
group_169,3.9242431167629213
COQ5_1,-0.226230502830914
porA,0.5282765880108266
dcuD_1,0.24350624583309444
group_1164,1.2202728010709136
group_1638,1.8173181778986596
group_1654,1.3523928094442093
group_2620,3.994261103665118
yycB,1.696715920541161
group_149,2.27178781924513
group_1165,1.7207484335848664
group_682,0.6348694267533261
fdtA,2.3186224706916696
group_1224,2.5989160960607443
group_1533,-0.3412582069371541
COQ3_3,-0.3412582069371541
group_1850,0.6863888759448031
group_2010,1.2205021062771466
group_2027,-0.3412582069371541
group_362,0.09065436826813084
meh,1.6858844179272845
group_1160,-0.30303746053497543
group_1063,1.8842165800499733
group_263,4.197201947661808
rocA,1.3631110256642334
group_1999,4.241193516943342
group_2688,-0.06672786485609947
cdtB,2.5226247330567464
cysD,0.40512270098275077
group_2014,2.3734111455626583
vhb,2.844692016141125
group_3068,2.5887382194255517
torC,1.6214332581837752
group_1746,2.610619394294725
group_2140,2.8665042764895214
group_890,1.1727202608218317
group_1106,1.0957592196857033
group_2177,0.3974329364109001
yfhM,0.24055617979138647
yfdE,1.912008597379632
yfkO,1.0225558156624084
group_129,-0.010912033450982427
group_1350,1.9560001666611662
group_1378,3.689374381122307
group_985,2.675871302737975
coaE,1.4750943893090582
yihN,0.9754267547283778
group_1310,2.1506541699051
sotB_2,2.9747209953413978
group_2015,2.740648373494998
group_240,1.5192521947955093
group_1101,3.337656095546714
group_1105,2.762159526749242
group_614,3.775246293536941
group_1738,2.7836385584263663
group_115,1.5849013108954328
fdtB,0.6640549111541921
group_1749,2.8050904851443175
group_353,2.403464153343319
group_445,-0.702716631576096
group_612,3.818059287158558
group_1628,1.1096621248546947
group_230,3.401898889933646
group_3067,3.1034059013776494
group_3089,3.8608428908268064
group_388,2.4463951117383944
group_106,3.1247989268124017
group_1637,2.3444065878473843
group_2164,1.3838876210893256
group_1168,1.0441988669443154
group_1760,-0.5231783917329916
dapH,2.954910279033736
group_464,0.01797473703785017
cysQ_2,0.6650071911471116
fdtC,2.976322902255867
group_109,2.279378830435112
group_324,1.4701758451005928
dmsA,1.4701758451005928
cydB,2.16245749237621
group_706,3.0406836614162573
fliR,1.8645865394518093
group_357,3.3394064053154717
yjjP,2.386466576974748
mtgA,0.6692796991533019
group_175,2.1410870926303778
mdtI,1.928792558508179
group_659,0.6400620921076324
bcr,2.429456761906116
group_717,2.1840180510254537
group_118,2.085172216388821
kdgR,2.811716160116455
group_246,2.2270775404859005
group_99,1.4984253833449275
cysC,1.122876910667741
tarF,1.1442699361024935
ped,2.3355581834799706
group_2087,1.0331087630563667
group_2094,0.4858539443373007
group_222,2.1446934501230857
group_2182,-2.024633305184841
mdtJ,2.1885303058746133
group_1631,1.999082328227427
group_199,0.614538850373552
group_2759,3.5075573976530654
group_3108,1.8708735639503573
group_2052,1.9882347734601034
group_911,1.7120498173444416
group_3186,3.3376839759398296
group_3118,2.032760637942271
moaA_2,-2.6448712994806782
group_800,0.5662210918006455
group_2096,1.8896597943015978
yflS,2.7578980068297776
group_425,2.5520459526256287
fabH_3,2.436690373726141
dkgA,1.867632452034438
htrL,1.6140333976046382
group_3056,3.3172190406907243
group_3131,3.3172190406907243
group_3132,3.3172190406907243
group_231,0.45439092987802143
moaE,1.0792595601522947
group_1383,2.4448087568624985
group_1521,2.142370311981121
group_796,1.958982230622666
group_1859,-2.286077032647296
group_2499,2.0724728723637424
olsG,-2.191745111571594
group_908,2.0959708436310462
group_441,2.653260644150314
group_715,2.1434839080069312
group_922,-2.4118069963483957
group_1520,-2.189535780423551
kgtP,1.9501125150263916
acr3,1.8663239118585995
torZ,1.5500144919632999
group_749,0.011815988550418266
group_1156,2.173859262701141
group_40,1.2313103794755402
group_135,0.012949499999381036
group_1863,-3.3172190406907243
group_232,0.649155611278411
group_438,0.1392620673335076
group_724,2.4849066497880004
group_825,-2.599211421068059
group_926,-1.0356984632575406
group_1186,2.4117032457647056
group_1873,-1.5337620862452446
group_2511,1.7997916409253194
dltA,2.159484249353372
group_907,-1.9120760760395312
group_1,0.7374829943799971
group_2236,1.2062429528604752
rhmA,1.7936465764096052
group_2189,-2.032760637942271
group_3082,2.6448712994806782
fmt_2,2.0048108576852437
group_2227,1.2762609397626719
group_2233,1.2762609397626719
group_3292,1.2762609397626719
group_1231,-1.7120498173444416
group_1670,1.2304076352665496
group_2230,1.2304076352665496
group_2771,1.2999284369377981
acr3_2,-1.5419556152525158
glmU_1,0.44005655287778345
group_1669,1.185159577521517
group_1891,0.590376810171337
aadK,2.4347998297338216
group_539,-3.29084932449329
group_1663,0.6127930919092706
group_2219,0.6127930919092706
group_3272,0.6127930919092706
group_912,-1.6683563821268719
dpnM,0.6353200940103609
group_1255,1.2326726418974017
gpFI,0.6353200940103609
group_1662,0.6353200940103609
group_2051,-2.124336861587727
group_3083,2.5864555626825
trg,0.9622887450959836
group_1453,0.5934291523012006
group_2221,0.6579643987282155
group_2762,0.6579643987282155
group_3274,0.5934291523012006
group_1154,-3.0109922300240215
group_1247,0.6807327774115634
group_1317,-2.1885303058746133
group_1447,0.6807327774115634
group_220,-2.1885303058746133
group_3289,1.2809338454620642
group_564,-0.6182458723868276
group_1026,1.3053683269203882
group_1433,-1.6702492581797492
group_1668,1.2362336665441576
group_2699,-3.3696876034299446
group_3273,0.726669872598589
group_1012,-1.71855606520476
group_1884,0.7498532080542462
group_1887,0.6847789308894288
group_1568,2.053671626250678
group_349,1.1293321459413943
virD4,1.1539824417188014
traC,1.2222262446352863
group_439,0.4949054234678373
group_595,0.8203553566759118
group_1656,0.7784644149667515
group_2299,1.1109650566351106
group_1442,0.6713064712381875
group_1885,0.8087896517172178
group_2746,0.8087896517172178
tet(O),1.420650591118497
group_3070,-1.9287925585081789
group_862,0.8332241331755416
group_1314,-2.407945608651872
group_807,0.9915372672841986
group_1062,0.6177977433181586
group_1787,0.6837353463775987
group_2020,-1.8859795648865616
group_270,0.8161655164144658
group_2757,0.8161655164144658
group_2761,0.8161655164144658
group_499,-2.248093312197894
udk,0.8827510027543037
group_1251,0.7081698278359225
group_156,1.8252821612666985
group_2235,0.9750087754200083
group_1130,0.7993693938152527
group_132,0.2696635669491028
group_1902,1.2745903715398894
group_366,0.20330950168617623
recD2_1,1.3444301570211918
group_1771,0.09299625667392765
group_179,0.2266461818654119
group_318,-2.1838505178109626
group_867,0.8244831826210323
group_1129,0.8498456324660023
group_1443,0.8498456324660023
group_1864,-2.16245749237621
group_2795,1.1899210508702858
group_1673,1.357034040750964
group_301,0.9430377780580476
group_334,-2.782951509275328
group_692,-2.7615388860531964
group_859,0.9692205827993576
group_1249,0.32168973055230593
group_1268,1.4856368044521537
virB2,0.9957037562575702
ssb_2,1.2024874717097442
group_1449,0.750305594399894
group_3264,0.9540310598570021
group_3265,0.8179834727184285
group_4146,1.0225019494122942
group_2217,0.7762019387034735
group_446,0.7084146526907337
group_80,0.23455982099571449
group_2231,1.1466545311618517
group_2218,0.6241543090729939
group_1013,-2.280112237141987
group_1104,-2.611719092163778
group_1633,1.9351519906183579
group_773,-2.2371220522106188
group_1739,-2.762159526749242
group_2720,-3.775246293536941
cysN,-0.6993439470974567
group_672,-0.6993439470974567
group_899,-2.04313324997359
group_1454,0.784118958765672
group_2232,0.8541811243642414
group_2769,0.784118958765672
dns,0.8824030230406864
group_1139,1.3117072514045967
group_1560,-1.6112710935157615
group_2234,1.16694048748187
group_275,-1.090495501164701
group_285,-2.317175929332052
group_1215,-1.475094389309058
group_3266,0.9821104831677747
group_210,1.155682515198155
group_241,-1.045324194345756
group_1565,0.9695631984830867
group_2086,0.9695631984830867
group_238,-2.439060261662582
group_2756,1.041559099219272
fcl,0.9695631984830867
group_3116,0.9695631984830867
kynB,0.9695631984830867
group_721,1.4080328426196413
group_759,-2.6541804911894795
group_795,-1.2181329442230342
arnC,0.9995213860238789
group_2870,0.9273405680607401
group_3283,0.7836462572678604
group_1709,0.7406288721841695
virB8,0.7406288721841695
group_79,-0.453785872962032
paeR7IM,0.884893877813483
group_1650,-2.844692016141125
yidE,0.2608838792970568
epsM,-0.9534353850197255
group_886,-1.2539832249005973
group_1085,-1.231083797780589
group_2754,1.0924613348062406
group_3203,-2.3513752571634776
group_524,1.6238266498862
virB4,1.0187201267231225
group_785,-1.8453608158101935
group_2228,0.6383389440649502
group_461,1.0823361993535627
group_2194,-4.241193516943342
group_370,-0.7651577165362174
group_873,1.148402953171125
group_1254,-0.36317700737985154
group_1349,-2.2397841917550156
group_2223,-0.36317700737985154
group_257,-0.27949648786534165
cas2,0.12065472539907603
group_852,-1.3397743454849977
topB,0.607839323453508
group_155,-0.009569451016150672
group_2213,-0.3375539024919539
group_2751,-0.3375539024919539
group_3287,-0.5105178841113079
group_525,1.2949855989177148
group_9,0.9868705245141697
group_1188,1.0202277597471276
group_146,-0.7617416883969077
gmd,1.410635129456354
virB9,-0.035846131773135885
group_625,0.6692606945750984
group_748,0.5924369592121537
group_177,-2.943076890420097
group_2212,-0.43363598507486073
group_463,0.6234073900789762
group_818,0.9330978501905363
group_1658,-0.4074531803335505
group_2224,-0.4074531803335505
group_2758,1.1245877750713704
group_2770,-0.4074531803335505
group_1151,-1.7445940007856249
group_1665,-0.380970006875338
group_1900,0.04769076872613113
group_1903,-4.040198198852144
aphA,0.719732981294021
group_3267,1.1981995924146163
group_3286,-0.3541718137206139
group_617,-2.5526950925380696
group_674,1.037457865514779
pinR,0.5130957723005297
group_1660,-0.4185371896755171
group_197,-2.27178781924513
group_2241,-3.994261103665118
group_2717,0.6259600808085826
group_3304,-3.994261103665118
group_2697,-0.9784225129811612
rfbC,1.659628712505624
group_345,1.0668635903535293
group_711,-2.2242747548692456
group_2226,-0.6286086594223742
group_1912,0.47905695121817043
group_229,0.8938178760220965
group_2679,0.3953809890415384
group_31,-1.0445450673978338
algA,1.4438182052580772
group_2258,1.5322482737429706
group_307,-0.47296158618800466
group_871,0.08409889891796447
group_1210,-0.4447396875115597
group_1408,-3.148968249452849
group_1411,-3.148968249452849
group_1634,1.0542745632572224
group_1645,-3.148968249452849
group_1866,-3.148968249452849
group_1867,-3.148968249452849
group_1868,-3.148968249452849
group_2190,-3.148968249452849
group_2193,-3.148968249452849
group_2696,-3.148968249452849
group_2703,-3.148968249452849
group_2704,-3.148968249452849
intA,-3.148968249452849
group_3210,-3.148968249452849
group_3211,-3.148968249452849
group_53,-1.9086808072869574
group_602,-2.126928774068852
group_837,-3.148968249452849
group_1008,-3.124739558931892
group_1216,-0.9650808960435872
group_314,-3.124739558931892
group_3213,-3.8526975393433314
group_574,0.49549125976588415
group_752,-3.124739558931892
group_85,-0.4161160145217322
group_889,-0.5179430915348545
group_1678,-3.828468848822374
group_1905,-inf
group_2709,-3.100305077473568
group_3220,-3.828468848822374
group_686,-3.100305077473568
group_1229,-3.8040343673640504
group_13,0.4781337553289858
group_1419,-2.3110110333081173
group_2181,-0.4602733446031595
group_2253,-3.075654781696161
group_365,-0.9104767620087353
group_428,-3.075654781696161
group_443,-2.3110110333081173
group_517,-0.4602733446031595
group_984,0.9146483582756617
group_1018,-0.03344793406754025
group_154,-2.02595285672885
yihN_3,-0.32762132452836723
group_2711,-inf
group_3219,-inf
group_1082,-0.400824728551662
group_1269,-3.025664419089026
group_1913,1.267946649935253
group_303,1.0861897686695525
group_3262,1.453546588129058
group_494,-0.5077439572285828
group_707,-3.754507497785288
rmd,-2.2341291342716705
group_1259,1.222093345439131
smc,1.408846409211151
group_23,0.8579024136360006
group_2750,1.5040773967762742
group_729,1.222093345439131
group_1110,-3.7040312591345383
hddA,-2.20794632953036
group_1657,1.5566397268671295
group_2764,1.860037335322005
group_294,0.44183275227903923
group_3261,1.5566397268671295
group_1267,0.6646497196582757
group_176,-2.5064393180863567
group_1788,0.9419401598250058
group_1861,-2.5064393180863567
group_2211,1.5119395479492228
group_51,-0.4163643985662001
group_966,-0.4163643985662001
group_1128,-0.4976273626449659
group_2705,-inf
lexA,0.03439445567157086
group_3285,0.03439445567157086
group_1328,0.1690763300439339
group_1651,-2.896116541853057
group_2747,1.6239991975529209
group_2748,-0.243077766215027
group_3322,-2.896116541853057
group_872,1.6239991975529209
group_1138,1.9024553030013838
group_1241,-2.8693183486983322
group_1589,-0.3200388073511555
group_1659,1.5787511398078882
group_1757,-2.4260292840851676
group_1865,0.20544397421480887
group_2187,-2.8693183486983322
group_2252,2.0165874248912092
group_2733,-1.0900285449767184
group_3282,-0.4340112900145257
group_3321,-2.8693183486983322
group_3323,-2.8693183486983322
gtfA,-3.5998458317435387
group_447,-3.5998458317435387
group_451,-2.8693183486983322
group_452,-0.10247361005199102
group_846,-0.9431490193770238
group_1975,-0.06770204905394261
group_3263,1.6387530965979784
group_329,-0.28668157211819745
group_347,0.8329091229351041
group_628,0.9304508717712531
group_641,-0.28668157211819745
group_668,-1.0600703574359263
group_15,0.07410797215372204
group_2250,-inf
group_2728,-1.3640712243351807
sdcS,-3.545918971200562
group_3288,0.48227656319463885
group_755,-0.36794453619696316
group_1021,1.4391249348263278
group_1029,1.127599825541362
group_1094,-3.518443504553963
group_255,-2.3424923835859004
dpnA,-1.7522570262518087
group_3198,-1.7522570262518087
group_3221,-2.7868746794872576
group_430,-2.7868746794872576
group_1023,0.46373401623214033
group_1435,-1.7227665977411037
group_1892,-0.06899287148695131
group_2214,1.499126891616418
group_308,1.499126891616418
group_466,-1.499437017219772
group_1002,-1.6928084102003114
group_1167,0.40169862531268746
group_1185,1.3421282108323263
group_1748,0.0796342943535854
group_1779,-0.0317486983145803
group_1943,-0.6450386022399146
group_2191,-2.7300291078209855
hcpC_2,-2.2848226366542055
group_2752,1.5621850275835547
group_3123,-0.0317486983145803
group_3240,-2.7300291078209855
group_768,-inf
group_1065,-3.433758397711468
group_1415,-3.433758397711468
cas1,-0.10870973945070868
group_1929,0.8657599232269388
group_2730,-3.433758397711468
group_2744,0.006430890330290553
group_2745,0.006430890330290553
group_2804,1.5141277326297755
group_3252,0.006430890330290553
group_1061,0.2703626232516007
group_1416,-3.4047123237696
group_356,-3.4047123237696
group_391,-1.631387039078721
group_876,0.2703626232516007
gmhA,-2.19492308034794
group_1427,-1.3743995734677412
group_3251,0.08586129060639236
lepA_2,-3.375221895258895
group_424,-0.6832297439025994
group_429,-3.375221895258895
group_522,1.1891262962089415
group_782,-2.19492308034794
group_855,-0.5406785869156717
group_969,-2.6415344178276206
group_116,-3.3452637077181024
group_1542,-2.6110834775728526
group_1882,1.3643154544011153
fcl_2,1.4817716392619757
group_2774,1.4817716392619757
group_2840,-inf
colD,1.4817716392619757
group_3295,1.4817716392619757
group_3296,1.4817716392619757
group_3297,1.4817716392619757
fcl_1,1.4817716392619757
group_3299,1.4817716392619757
group_3413,-inf
group_474,-2.6110834775728526
group_720,1.6020474863067509
group_1045,-inf
group_1523,0.5163299277715733
group_1539,-2.58011304670603
group_2305,-0.46706676957242566
group_2839,-inf
group_496,-2.58011304670603
group_1032,1.6269310698816175
group_1092,-2.5485944690452587
group_1145,1.258781040820931
group_1226,-1.5017042126307183
group_1676,1.3786761302350017
group_1804,0.2138699145288806
cas9,-1.5017042126307183
group_3325,1.024559775017577
group_3326,1.024559775017577
group_497,-inf
pctA,-0.5740729891399421
group_927,-2.5485944690452587
group_1161,0.011675031580503448
group_1171,-1.7357768344771185
group_1901,1.0845617318076672
group_2707,-2.51649697407559
group_1007,-inf
group_1356,-2.4837874554909853
group_1460,1.3956402235381282
group_3290,-0.4967137795733094
group_358,-3.2202262639660724
group_379,-2.034269823033115
group_817,1.0265043171810548
hddC,-2.000226306126332
group_1557,-0.7820264700339796
group_170,-3.1875167453814677
group_1870,-2.4504302202580273
group_2706,-2.4504302202580273
group_2777,-inf
group_2778,-inf
group_3301,-inf
acr3_1,-inf
group_687,-inf
group_760,0.47866851213145944
group_834,-inf
group_1034,-inf
group_1964,1.4156219762144104
group_3343,-inf
group_531,0.1480344528098223
group_754,-1.6314168191528755
group_765,1.834319083646851
group_838,-2.416386703351244
group_935,1.5503018895798775
group_1009,-2.381615142353196
group_1102,-2.381615142353196
group_1157,0.061805120123755435
group_1162,0.7131879314433915
group_1264,1.0961091584499913
group_1412,-2.381615142353196
group_1463,-3.1201159932417264
group_168,-1.929909807708872
fhaC_2,-1.5950491749820006
group_2779,-inf
dctA2,-3.1201159932417264
group_505,-1.5950491749820006
group_153,-2.3460702049337847
group_1809,-0.3284543762964811
group_185,-2.3460702049337847
group_188,-2.3460702049337847
group_206,-3.0853444322436783
group_2797,0.9032186503068022
group_2844,0.5128236264286639
group_624,-inf
group_770,-inf
group_1459,1.5249140989162722
group_319,-1.246373170396597
group_3421,0.5700870878027182
group_660,1.1044432089789027
group_675,-0.28304169289527864
group_1323,-0.9713505090571823
mraY_2,-inf
group_1914,1.0400778330239995
group_2240,-inf
group_2254,-inf
group_3260,1.6176234970205396
legI_2,-inf
siaA,-inf
neuA,-inf
group_3336,-inf
group_3337,-inf
sacA,-inf
group_895,-0.7633892714473288
group_117,-2.2342787989456676
group_1624,1.1148678221952768
group_1643,0.411863082587824
group_1695,-2.976187677481021
group_322,-0.7194183937138455
group_361,-0.5291747624341872
group_492,-0.5291747624341872
group_591,-2.2342787989456676
hsdS,-2.976187677481021
group_902,-2.2342787989456676
group_999,1.718599414360542
group_1071,-0.1368591827171973
group_1148,0.1763513898074508
group_1218,-1.398794523884122
group_1242,-inf
group_1789,0.6161861394238168
group_27,-0.6740057103126432
group_3390,-1.398794523884122
group_3506,-inf
group_537,-1.7386880014446535
group_761,1.6605419997339297
group_19,-0.6270298502180099
ydjA,-2.1548483986695657
group_2781,-inf
group_295,1.1277688729595652
group_3195,-2.1548483986695657
haeIIIM,-2.1548483986695657
group_506,-inf
group_214,1.5385635728474434
group_559,-2.858577688560048
group_905,-1.6546502552556486
group_1591,0.3566749439387322
group_2161,-0.5278232001345617
mtgA_2,2.495956485974585
group_2204,-2.817177199555513
group_2281,0.8278353113122916
group_2753,-0.9857252236239331
group_2780,-2.817177199555513
group_2860,-1.2667737055649664
group_2889,-inf
group_3212,-inf
group_323,-0.9857252236239331
bcs1,0.8278353113122916
group_385,-inf
group_43,0.8278353113122916
group_4501,-2.817177199555513
group_7,-0.14642200245560022
group_938,-inf
group_1099,-0.9370493821877011
group_1536,-2.774539942371043
group_1904,-2.774539942371043
group_1940,-inf
group_2007,-0.47526087004370615
group_2723,-2.774539942371043
lgrD,-2.026839774747078
group_2794,2.4396035494234534
group_2867,0.9077069881827634
feoB_1,-1.5652666941209628
group_32,-0.27563373393560636
group_3509,-inf
group_3513,-inf
group_3516,-2.026839774747078
group_879,0.25782910930209985
group_882,-inf
group_1232,-1.9814270913458751
group_1456,-0.42046468181406244
group_1462,-inf
group_1641,0.1508228897345835
yafQ,-1.9814270913458751
group_193,-2.7305690646375598
group_2185,-inf
group_251,-1.5182908340263297
group_2902,-1.9814270913458751
group_3246,-1.5182908340263297
group_3302,-inf
group_332,-inf
group_3568,0.9934803705652849
group_3608,-1.9814270913458751
fokIM_1,-1.9814270913458751
group_562,0.32431885057093285
group_688,-1.9814270913458751
group_1048,-inf
group_1056,-0.585788662239446
group_1113,-2.6851563812363577
group_1319,-inf
srpA,-1.4696149925900976
group_1480,1.641607195367492
group_1648,-2.6851563812363577
group_1874,-2.6851563812363577
traI,-1.120591195386885
group_2158,-0.585788662239446
group_2183,2.3216030988298075
group_2257,-2.6851563812363577
group_2698,-inf
group_2784,-0.8339562434496293
group_2803,-2.6851563812363577
group_2850,-inf
group_2866,0.7402146914179311
group_2936,-inf
group_3194,2.6101691518756764
group_3202,-inf
group_3204,-inf
group_3243,-1.120591195386885
group_3244,-1.120591195386885
group_338,-1.934451231251242
group_3478,0.7402146914179311
group_3566,-1.934451231251242
group_567,0.21731263100341663
group_592,-2.6851563812363577
pxpC_2,-1.88577538981501
group_1295,-1.88577538981501
group_1721,-1.0680288652960295
group_1876,-1.0680288652960295
traG,-1.0680288652960295
group_2280,-1.0680288652960295
group_2695,-inf
group_2718,-1.0680288652960295
group_2802,-inf
group_2843,0.8259880738004526
group_2845,-0.0953101798043249
traL,-1.0680288652960295
group_3214,-2.638180521141724
virC1,-1.0680288652960295
group_3480,0.6481957926976788
group_4658,-inf
group_1010,-inf
group_1338,-inf
group_1406,-inf
group_1639,-inf
group_1934,-1.0132326770663855
group_2266,-inf
group_2283,1.7108121934240916
group_2767,-0.7218965938459313
group_2865,-1.0132326770663855
group_3245,-1.0132326770663855
group_3474,-1.0132326770663855
group_3475,-1.0132326770663855
group_3477,-1.0132326770663855
group_3602,1.298160019385637
group_3603,1.298160019385637
group_3604,1.298160019385637
group_775,-1.0132326770663855
group_960,0.36247206162305823
group_1011,-inf
group_1248,1.0196733892447223
recD,-2.538973871058276
group_1457,0.8266785731844679
group_1699,-1.3117256656223821
group_1702,1.6376087894007967
group_1895,0.4423437384935301
group_2242,-0.661894637055841
group_2306,1.4215453105906903
group_2311,-inf
group_2798,-inf
group_2871,-1.7826822510769382
group_3307,-inf
group_3313,-inf
group_342,0.6351233404435679
group_3485,0.4423437384935301
group_478,-1.3117256656223821
group_50,-0.40546510810816444
group_547,1.2168970553068714
group_620,1.2168970553068714
group_798,0.4423437384935301
group_1093,-1.2544622042483278
group_1144,-0.33897536683933144
group_1207,-2.4864115409674206
group_1381,-inf
group_144,-1.7278860628472945
group_1493,1.5606477482646683
group_1587,-inf
group_192,-inf
group_1921,-1.7278860628472945
group_1956,-1.2544622042483278
group_2736,-1.7278860628472945
rfbF,-2.4864115409674206
group_283,-inf
group_2862,-1.2544622042483278
group_3199,-inf
group_3473,-0.8959672589022409
group_3523,0.9276544905244701
group_404,-inf
group_423,-0.5988365010887041
group_427,1.5606477482646683
group_553,0.9276544905244701
group_563,0.7278327385478354
group_645,-1.7278860628472945
group_753,-1.2544622042483278
group_1448,-0.532346759819871
group_147,-1.6706226014732402
group_2216,-0.832909122935104
group_247,-2.4316153527377766
group_2690,-2.4316153527377766
group_2787,-inf
group_3193,2.649986400147449
opuCA,1.4793847841859027
cmpB,1.4793847841859027
group_3520,1.4793847841859027
group_3521,1.4793847841859027
group_3522,1.4793847841859027
group_386,-0.028491955794306273
group_442,0.6208265189803192
group_988,-1.6706226014732402
group_1172,-inf
group_1368,-1.61062064468315
group_1429,-2.3743518913637223
sdaA,0.5039051809214169
group_1708,-inf
yhdJ,-inf
group_2203,-1.61062064468315
spnQ,-2.3743518913637223
group_2273,0.5039051809214169
group_2278,-1.1314021114911006
group_2290,-2.3743518913637223
group_2687,2.5800889605300705
group_2694,-2.3743518913637223
group_2837,-2.3743518913637223
group_2883,-2.3743518913637223
group_3,0.9398029892639199
group_3241,-2.3743518913637223
group_3411,-2.3743518913637223
group_3476,-1.1314021114911006
group_3556,-2.3743518913637223
group_387,-1.1314021114911006
group_689,-1.1314021114911006
group_806,-1.1314021114911006
group_808,-inf
group_814,0.7218024363203215
group_97,-1.61062064468315
group_1074,-0.3871873292002294
group_1120,-2.3143499345736323
group_1131,-1.0649123702222676
group_1354,-inf
group_1385,-1.547562508716013
group_1409,-1.0649123702222676
group_1494,-inf
group_1607,-1.0649123702222676
group_1715,-1.0649123702222676
group_1917,-1.547562508716013
group_1919,-1.547562508716013
group_1937,-1.0649123702222676
group_1945,-2.3143499345736323
group_201,-2.3143499345736323
group_2079,-0.6960499402179068
group_2244,-2.3143499345736323
group_2255,-inf
group_237,-2.3143499345736323
group_2708,-inf
group_2712,-inf
group_2783,-1.0649123702222676
group_2796,1.0631882804689732
group_2827,-1.547562508716013
hph,1.8269068569937006
group_3305,-1.0649123702222676
group_3346,-1.547562508716013
group_340,-2.3143499345736323
group_3410,-inf
group_532,0.3746934494414107
group_698,-inf
group_856,0.1371531034586871
group_87,0.6048810982614191
group_930,-0.11394425934921784
group_1124,-2.2512917986064953
group_1246,-2.2512917986064953
group_1279,-2.2512917986064953
group_1313,-2.2512917986064953
group_1489,-0.9945429287739033
group_1495,-inf
group_1599,1.2022907181429512
group_1646,-inf
group_1689,-inf
group_1696,-1.48107276744718
group_1791,-inf
group_2118,-0.30731565232975744
group_2251,-inf
group_2319,-inf
group_2727,-2.2512917986064953
group_2729,-2.2512917986064953
xerH_2,-2.2512917986064953
group_3493,1.2022907181429512
group_3510,-inf
pcp,2.055529874072536
group_411,-0.30731565232975744
group_416,-0.9945429287739033
group_762,-inf
group_767,0.7158754316375014
group_778,-0.9945429287739033
group_84,-1.48107276744718
group_1183,0.06453852113757116
group_1271,-inf
group_1283,-1.4107033259988155
group_1291,-inf
group_1360,-1.4107033259988155
group_1388,-0.5413882741761575
group_1458,1.6486586255873816
group_1573,-2.184802057337662
group_1808,-1.4107033259988155
group_1969,-2.184802057337662
group_1970,-2.184802057337662
group_2090,0.06453852113757116
group_2263,-1.4107033259988155
group_2700,-inf
group_2701,-inf
group_2806,-1.4107033259988155
group_2829,-1.4107033259988155
group_2857,-1.4107033259988155
group_2863,-1.4107033259988155
group_2952,-inf
group_296,0.5866637001574952
group_3250,-2.184802057337662
group_3344,-2.184802057337662
group_3394,-1.4107033259988155
group_3395,-1.4107033259988155
group_3396,-1.4107033259988155
linX,-1.4107033259988155
group_3398,-1.4107033259988155
group_3399,-1.4107033259988155
group_3400,-1.4107033259988155
group_3430,-0.5413882741761575
group_3594,-inf
group_413,1.969300541386469
group_4403,-2.184802057337662
group_4677,-2.184802057337662
mcpS,-0.5413882741761575
group_683,0.06453852113757116
exsA,-2.184802057337662
group_892,-1.4107033259988155
group_934,0.5866637001574952
group_100,-0.45561489179363607
group_1041,2.262432218605815
group_1417,-1.3359133368275384
group_1444,-0.839881262732154
group_1464,-inf
group_17,0.16551443847757333
group_1712,-2.114432615889298
group_180,-inf
group_1860,-2.114432615889298
group_1886,-1.3359133368275384
group_1932,-inf
group_2195,-1.3359133368275384
group_2270,-1.3359133368275384
group_2277,-0.839881262732154
group_2327,-1.3359133368275384
group_2332,0.44183275227903923
rfbJ,-2.114432615889298
group_277,-1.3359133368275384
group_2786,-0.839881262732154
group_2800,-2.114432615889298
group_2859,-0.839881262732154
group_3242,-2.114432615889298
group_3306,-2.114432615889298
group_3392,-1.3359133368275384
group_3393,-1.3359133368275384
group_364,-inf
group_367,-inf
group_368,-inf
group_398,-inf
group_46,-2.114432615889298
pglD_2,-2.114432615889298
group_579,0.16551443847757333
group_61,-0.12883287184296843
group_654,-2.114432615889298
ptlH,-0.839881262732154
group_857,-1.3359133368275384
group_913,-2.114432615889298
group_942,-inf
group_945,-inf
group_1019,-1.2560416599570665
group_1127,-0.7541078803496326
group_114,-2.0396426267180203
group_1198,-0.027856954502966224
group_1270,-inf
group_1286,-inf
group_134,0.2765087718536558
group_1394,-0.027856954502966224
group_1466,-0.7541078803496326
cdiA1,-2.0396426267180203
group_1644,-2.0396426267180203
group_1711,-inf
group_189,-0.3629054936893685
group_2156,-0.7541078803496326
group_2245,3.4580847560642067
group_2264,-1.2560416599570665
group_2289,-inf
group_2294,-inf
group_244,-0.027856954502966224
tuaD,-inf
group_2760,0.8491514290365265
group_2775,2.1704133198855624
group_2801,-inf
yoaD,-1.2560416599570665
group_2858,-0.7541078803496326
group_3401,-1.2560416599570665
kdsB_1,-1.2560416599570665
iolG,-1.2560416599570665
group_3404,-1.2560416599570665
group_3418,-0.7541078803496326
group_37,-1.2560416599570665
group_372,-inf
group_41,-inf
group_44,-0.027856954502966224
group_554,-0.7541078803496326
group_585,-0.3629054936893685
group_615,-inf
group_622,-inf
group_650,-2.0396426267180203
group_741,1.442806571383233
group_92,-2.0396426267180203
group_104,-1.9597709498475486
group_1143,-1.9597709498475486
group_1307,-0.26192957634936626
group_1367,1.0088422892394002
group_1404,-inf
group_1479,-1.9597709498475486
group_1509,-1.9597709498475486
group_1714,-1.170268277574545
group_1928,-0.26192957634936626
group_1949,-inf
group_1961,-0.661398482245365
group_2206,-1.9597709498475486
group_2275,-1.170268277574545
group_2320,-0.661398482245365
group_2693,-1.170268277574545
group_2755,-0.26192957634936626
group_2766,1.6714295884620682
group_2776,-1.9597709498475486
group_2807,-inf
group_2846,-1.170268277574545
group_2946,-1.9597709498475486
group_2982,-0.661398482245365
ugd,-1.170268277574545
group_3224,-1.170268277574545
lpxD_1,-1.9597709498475486
group_3227,-1.9597709498475486
group_3228,-1.9597709498475486
group_3229,-1.9597709498475486
group_3269,1.0088422892394002
group_33,2.581298495463066
group_3405,-1.9597709498475486
group_3406,-1.9597709498475486
group_3479,3.37185542337814
group_3560,-inf
group_514,-inf
group_557,0.7043204811580706
group_69,-inf
group_764,-inf
group_774,-1.9597709498475486
group_821,-0.661398482245365
group_823,-0.661398482245365
group_839,-1.170268277574545
group_948,-inf
group_954,-inf
group_1015,-1.8739975674650273
group_1109,-inf
group_1112,-inf
group_1140,-inf
group_1180,-0.15093524297328387
group_1202,-0.5604225649053629
group_1470,-1.0775588794702773
group_1501,-0.5604225649053629
group_1514,-inf
group_1679,-1.8739975674650273
zupT_2,-inf
group_1725,-inf
COQ5_2,0.8640113413609443
group_178,-inf
group_1781,-1.8739975674650273
group_186,-inf
group_1957,-1.8739975674650273
group_1976,-0.5604225649053629
group_2046,-0.15093524297328387
group_2172,-0.15093524297328387
group_2243,-inf
group_2291,0.5389965007326869
group_2325,-inf
group_2328,-0.15093524297328387
group_2735,1.1966735018443244
group_2782,-1.0775588794702773
acrE,-inf
group_2900,-inf
group_2932,-inf
group_2933,-inf
group_3314,-inf
legG_2,-inf
group_3377,0.20652267007816927
group_3470,-1.0775588794702773
group_3491,-0.5604225649053629
group_3646,-inf
group_3681,-1.8739975674650273
group_3708,-1.8739975674650273
group_3739,-1.8739975674650273
group_399,-inf
group_440,0.8640113413609443
cfr,inf
group_512,-inf
group_513,-inf
group_548,0.20652267007816927
group_569,-inf
group_94,1.554508250403166
group_949,-inf
group_1132,-0.44942823152928046
group_1204,0.34562510775214733
group_1257,0.6986873609355606
group_1321,0.34562510775214733
group_133,0.34562510775214733
group_1351,-0.44942823152928046
group_1396,-0.9765829621302752
group_1528,-inf
group_1555,0.34562510775214733
group_1655,1.0518425539658685
group_1704,1.42529651892316
group_190,-1.7812881693607596
group_1916,-inf
group_1918,-inf
group_1925,-0.02754995176823063
group_1933,-inf
group_1979,-inf
group_207,-inf
group_2196,-1.7812881693607596
group_2202,-1.7812881693607596
arnA,-inf
group_2237,-inf
group_2238,-inf
group_2316,-0.9765829621302752
group_2724,-1.7812881693607596
group_2725,-1.7812881693607596
group_2726,-1.7812881693607596
group_2765,2.375446441258917
group_2833,-0.9765829621302752
group_2841,-0.02754995176823063
group_2918,-0.9765829621302752
group_3205,-0.9765829621302752
group_3206,-0.9765829621302752
group_3232,-1.7812881693607596
group_3233,-1.7812881693607596
group_3234,-1.7812881693607596
group_3235,-1.7812881693607596
group_3275,2.375446441258917
group_3276,2.375446441258917
group_3277,2.375446441258917
group_3278,2.375446441258917
group_3279,2.375446441258917
citN,2.375446441258917
group_3300,-inf
group_3324,3.1809906900212552
group_3341,-inf
group_3376,-0.02754995176823063
group_3408,-0.02754995176823063
group_3409,-0.02754995176823063
pctC,-0.02754995176823063
group_3416,-0.02754995176823063
group_3433,-inf
group_350,0.6986873609355606
group_3620,-0.9765829621302752
group_3676,-0.9765829621302752
cptA,-0.9765829621302752
group_48,-inf
group_638,1.0518425539658685
group_694,-inf
group_713,-1.7812881693607596
group_74,0.34562510775214733
group_881,-inf
group_929,1.42529651892316
group_933,1.0518425539658685
group_993,-0.44942823152928046
group_1305,0.11155248590574728
group_1348,0.8865185735404849
group_1440,1.7184281961425054
group_1680,-inf
group_1685,-inf
group_1713,-inf
group_1726,-1.6803122520207574
group_1728,-1.6803122520207574
group_1842,0.8865185735404849
group_1958,-1.6803122520207574
group_1974,-0.8655886287541928
group_1981,-1.6803122520207574
group_1983,-1.6803122520207574
group_1985,-1.6803122520207574
suhB,-1.6803122520207574
group_2322,-inf
group_2355,-1.6803122520207574
group_2356,-1.6803122520207574
group_2361,-1.6803122520207574
group_2710,-0.8655886287541928
group_2715,-0.8655886287541928
group_274,-inf
group_2808,-inf
group_2831,-1.6803122520207574
group_2836,0.11155248590574728
group_2895,-inf
group_2930,-0.8655886287541928
pknD,0.11155248590574728
group_2991,-1.6803122520207574
group_2992,-1.6803122520207574
group_2999,-1.6803122520207574
group_3000,-1.6803122520207574
group_3002,-1.6803122520207574
group_3003,-1.6803122520207574
group_3005,-1.6803122520207574
group_3006,-1.6803122520207574
group_3007,-1.6803122520207574
group_3011,-1.6803122520207574
group_3014,-1.6803122520207574
group_3230,-1.6803122520207574
group_3236,-1.6803122520207574
group_3247,-1.6803122520207574
group_3248,-1.6803122520207574
group_3249,-1.6803122520207574
group_3332,inf
cysT,inf
group_3334,inf
group_3695,-0.8655886287541928
group_3738,-inf
group_3774,-inf
group_3775,-inf
group_3803,-inf
group_3804,-inf
group_3809,0.11155248590574728
group_392,-0.8655886287541928
group_4005,-1.6803122520207574
group_4007,-1.6803122520207574
group_4008,-1.6803122520207574
group_4009,-1.6803122520207574
group_4010,-1.6803122520207574
group_4011,-1.6803122520207574
group_4012,-1.6803122520207574
group_4014,-1.6803122520207574
group_4015,-1.6803122520207574
group_4024,-1.6803122520207574
group_4052,-1.6803122520207574
group_4053,-1.6803122520207574
group_4054,-1.6803122520207574
group_4055,-1.6803122520207574
ylpA,-1.6803122520207574
group_4057,-1.6803122520207574
group_4060,-1.6803122520207574
group_4061,-1.6803122520207574
rep,-1.6803122520207574
group_4063,-1.6803122520207574
group_4064,-1.6803122520207574
group_4065,-1.6803122520207574
group_4066,-1.6803122520207574
group_4067,-1.6803122520207574
group_4068,-1.6803122520207574
group_4069,-1.6803122520207574
group_4070,-1.6803122520207574
group_4072,-1.6803122520207574
group_4099,-1.6803122520207574
group_4101,-1.6803122520207574
group_417,-1.6803122520207574
group_448,-1.6803122520207574
group_516,-inf
fmt_1,2.2585251032000153
group_610,-0.8655886287541928
group_70,-inf
group_73,0.11155248590574728
group_832,-1.6803122520207574
group_939,-0.3260429403242273
group_953,-inf
group_965,0.8865185735404849
group_1044,-inf
group_1059,0.2712433461086211
group_1083,-0.18694050265024922
group_1090,-1.569317918644675
group_1200,1.1151415906193203
group_1261,0.6931471805599453
group_1266,-1.569317918644675
group_1359,-1.569317918644675
group_1431,-1.569317918644675
group_1465,-inf
group_1468,-0.18694050265024922
group_1475,-1.569317918644675
group_148,-inf
group_1690,-inf
group_181,-0.7422033375491396
group_1871,-inf
group_1911,-inf
group_1947,-inf
group_1953,-1.569317918644675
group_1972,-1.569317918644675
group_2179,-0.7422033375491396
group_2207,-1.569317918644675
group_2287,-inf
group_2298,1.1151415906193203
group_2333,0.2712433461086211
group_2335,0.6931471805599453
group_2336,-0.18694050265024922
group_2352,-inf
group_2721,-1.569317918644675
aphA_2,-1.569317918644675
group_2890,-inf
group_2938,1.1151415906193203
group_2995,-1.569317918644675
group_3001,-1.569317918644675
group_306,0.2712433461086211
group_3270,2.9570631323948366
satA,-1.569317918644675
group_3328,inf
group_3331,inf
group_336,-1.569317918644675
group_3378,-0.7422033375491396
fabI_2,1.5735972482640495
group_3543,-inf
group_3546,0.2712433461086211
group_3642,-inf
group_3647,-inf
group_3675,-inf
group_3710,-inf
group_3765,-1.569317918644675
group_3766,-1.569317918644675
group_3768,-1.569317918644675
group_3893,-1.569317918644675
group_3909,-0.7422033375491396
group_403,-1.569317918644675
group_421,-inf
group_560,-inf
group_62,-0.7422033375491396
group_693,-inf
group_700,-1.569317918644675
group_756,-inf
group_854,-inf
group_923,-inf
group_110,-1.4459326274396218
group_1234,-1.4459326274396218
group_1298,-inf
group_1299,-0.027249642447375474
group_1424,-1.4459326274396218
group_1439,0.9217701976387807
group_1629,-0.6031008998751616
group_1705,0.9217701976387807
group_1722,-inf
group_1883,1.9844824238415528
group_1906,-1.4459326274396218
fmt_3,-inf
group_1931,-inf
group_1982,-inf
group_1984,-inf
group_2225,0.9217701976387807
group_2284,-inf
group_2285,-inf
group_2297,-1.4459326274396218
group_2309,-inf
group_2339,-0.027249642447375474
group_2353,-inf
deoD,-1.4459326274396218
group_2793,-inf
group_2810,-inf
group_2812,-inf
group_2814,-inf
group_2815,-inf
group_2834,-1.4459326274396218
group_2855,-inf
group_2861,-1.4459326274396218
group_2906,-inf
group_2929,-inf
group_2942,-inf
group_2951,0.45907455871354524
group_2963,-inf
group_2997,-inf
group_2998,-inf
group_3004,-inf
group_310,1.4082732678386658
group_3317,-inf
group_3329,inf
group_3330,inf
group_3340,-inf
group_3359,-inf
group_3360,-inf
group_3417,-0.6031008998751616
group_3447,-inf
group_3570,-0.6031008998751616
group_3662,-inf
group_369,-0.6031008998751616
group_3802,-inf
group_4022,-inf
group_4026,-inf
group_4027,-inf
group_4028,-inf
group_4029,-inf
group_4031,-inf
group_4032,-inf
group_4033,-inf
group_4034,-inf
group_4035,-inf
group_4036,-inf
group_4037,-inf
group_4038,-inf
group_4039,-inf
tdk,-inf
group_4041,-inf
ndoA,-inf
group_4043,-inf
group_4044,-inf
group_4045,-inf
group_4046,-inf
dnaG_2,-inf
group_4147,-inf
group_4283,-inf
group_484,-inf
group_511,-inf
group_54,-1.4459326274396218
group_545,-0.6031008998751616
group_558,-1.4459326274396218
group_575,0.45907455871354524
group_582,1.9844824238415528
group_596,-inf
group_603,-inf
group_64,1.4082732678386658
mcpA,-inf
group_733,0.9217701976387807
group_868,0.45907455871354524
group_870,-1.4459326274396218
group_952,-inf
group_967,-0.6031008998751616
group_113,-inf
group_1292,-inf
group_1302,-1.3068301897656438
group_1491,0.6876975757923806
group_1499,-0.44341003967228787
group_1505,-inf
group_1723,-1.3068301897656438
group_1772,1.8191584434161694
group_1938,-inf
group_1971,0.16058157015754865
group_2138,-1.3068301897656438
ant1,-1.3068301897656438
group_2259,-inf
group_2260,-inf
group_2261,-inf
group_2262,-inf
group_2286,-inf
dpnA_2,-inf
vbhT,-inf
group_2357,-1.3068301897656438
group_2743,-1.3068301897656438
group_2790,0.6876975757923806
group_2813,-inf
group_2816,-inf
group_2822,-inf
group_2824,-inf
group_2825,-inf
group_2826,-inf
xerC,-inf
group_2874,-1.3068301897656438
group_2886,-1.3068301897656438
group_2907,-inf
group_2943,-inf
group_2962,-inf
group_3018,-0.44341003967228787
group_3366,-inf
group_3368,-inf
group_3370,-inf
group_3371,-inf
group_3372,-inf
group_3373,-inf
colC,-1.3068301897656438
group_3380,-1.3068301897656438
group_3381,-1.3068301897656438
group_3382,-1.3068301897656438
ilvB_1,-1.3068301897656438
group_3384,-1.3068301897656438
group_3385,-1.3068301897656438
group_3386,-1.3068301897656438
group_3414,-inf
group_3420,-1.3068301897656438
group_3435,-inf
group_3448,-inf
group_3466,-0.44341003967228787
group_3467,-1.3068301897656438
group_3469,-0.44341003967228787
group_3526,1.8191584434161694
group_3528,1.8191584434161694
group_3529,1.8191584434161694
group_3530,1.8191584434161694
group_3532,-inf
group_3592,-inf
group_3599,-0.44341003967228787
group_36,1.2149018748581262
group_3617,-inf
group_3694,-inf
group_3769,-inf
group_3771,-inf
group_3772,-inf
group_3773,-inf
group_3783,-inf
group_3788,-inf
rfbG,-1.3068301897656438
group_3955,-inf
group_4023,-inf
group_4048,-inf
group_4049,-inf
group_420,-inf
group_4250,-1.3068301897656438
group_4300,-1.3068301897656438
group_45,-inf
group_462,-inf
group_507,-inf
group_577,1.2149018748581262
group_663,-0.44341003967228787
group_820,-inf
group_909,-inf
group_915,0.6876975757923806
flaA_1,0.16058157015754865
group_1022,0.38920458723638407
group_1038,-1.14713932956277
group_1039,-inf
group_1114,-inf
group_1263,2.517696472610991
group_1293,-inf
group_1422,-1.14713932956277
group_1425,-inf
group_1476,-1.14713932956277
group_1487,-inf
tarQ,-inf
group_1506,-inf
group_1515,-inf
PROSC,0.38920458723638407
group_1688,-inf
group_1692,-inf
group_1697,-inf
group_1701,0.38920458723638407
group_1706,0.9808292530117262
dinB,-inf
group_1718,-0.2555788270673636
group_1752,-1.14713932956277
group_1924,-inf
group_1936,-1.14713932956277
group_209,-inf
group_2300,-inf
group_2342,2.517696472610991
group_2346,-inf
group_236,-inf
group_2367,-1.14713932956277
group_271,-1.14713932956277
rkpK,-1.14713932956277
group_2809,-inf
group_2818,-inf
group_2821,-inf
group_2851,-inf
group_2887,-1.14713932956277
group_2899,-inf
group_2901,-inf
group_2908,-inf
group_2920,-inf
group_2921,-inf
group_2924,-inf
group_2925,-1.14713932956277
group_2935,-inf
group_2964,-inf
group_2977,-0.2555788270673636
group_3225,-1.14713932956277
group_3268,0.9808292530117262
group_3271,1.6257870504356298
group_3316,-inf
group_3327,inf
group_3356,-inf
group_3367,-inf
group_3374,-inf
group_3375,-inf
group_3391,-1.14713932956277
group_3412,-inf
group_3419,-1.14713932956277
group_3422,0.9808292530117262
group_3424,-1.14713932956277
group_3442,-inf
group_3443,-inf
group_3445,-inf
group_3446,-inf
group_3483,-inf
group_3562,inf
group_3563,inf
group_3581,-inf
group_3582,-inf
group_3583,-inf
group_3584,-inf
group_3607,-inf
group_3653,-inf
group_3740,-1.14713932956277
group_376,-inf
group_377,-inf
group_3770,-inf
group_3817,0.38920458723638407
group_3867,-inf
group_3868,-inf
group_3883,-inf
group_3911,-inf
group_3914,-inf
group_3915,-inf
group_3916,-inf
group_3917,-inf
group_3926,-inf
group_4,-0.2555788270673636
group_4051,-inf
group_4058,-inf
group_4059,-inf
group_4087,-1.14713932956277
group_4190,-0.2555788270673636
group_4685,-inf
group_538,-inf
group_541,-1.14713932956277
group_546,-inf
group_63,0.9808292530117262
group_632,-inf
group_661,-0.2555788270673636
group_72,-inf
group_730,0.38920458723638407
group_78,-1.14713932956277
group_780,-0.2555788270673636
group_781,-inf
group_937,0.9808292530117262
group_986,0.38920458723638407
group_1043,-inf
group_105,-0.9593081169578459
group_1108,-inf
group_1155,-inf
group_1236,-inf
group_1331,-0.026955809988528333
group_1335,-0.9593081169578459
group_1375,-0.026955809988528333
group_1377,-inf
group_1432,-inf
group_1485,-inf
group_1524,-inf
group_1576,0.6823362644557297
group_1627,-0.9593081169578459
group_1719,-inf
group_1922,-inf
group_1930,-inf
group_1948,-inf
group_1952,-0.9593081169578459
group_1968,-inf
group_1978,-inf
group_2038,-inf
group_2043,-0.9593081169578459
group_2116,-0.9593081169578459
group_2152,0.6823362644557297
group_218,-0.026955809988528333
group_2215,1.3917144285892298
group_2267,-0.9593081169578459
group_2268,-inf
group_2276,-0.9593081169578459
group_2296,-0.9593081169578459
group_2312,-inf
group_2337,-0.9593081169578459
group_2347,-inf
group_2365,-0.9593081169578459
group_262,-0.026955809988528333
group_2716,-inf
group_2732,-0.9593081169578459
group_2734,-0.9593081169578459
group_2852,-inf
group_2853,-inf
group_2869,-inf
group_2891,-0.026955809988528333
group_2894,-0.9593081169578459
group_2896,-inf
group_2898,2.3243250796304515
group_2969,-inf
group_2972,-inf
group_2981,0.6823362644557297
group_3008,-0.9593081169578459
group_3218,-inf
fucP_2,-0.9593081169578459
pgi_2,-0.9593081169578459
glk,-0.9593081169578459
pgl,-0.9593081169578459
zwf,-0.9593081169578459
edd,-0.9593081169578459
eda,-0.9593081169578459
group_3280,2.3243250796304515
COQ5_3,-inf
group_3310,-inf
group_3312,-inf
group_3345,-0.026955809988528333
topA_2,-inf
group_3387,-0.9593081169578459
group_3388,-0.9593081169578459
group_3389,-0.9593081169578459
group_3434,-inf
group_3436,-inf
group_3437,-inf
group_3438,-inf
group_3439,-inf
group_3463,-inf
group_3465,-0.026955809988528333
group_3527,1.3917144285892298
group_355,1.3917144285892298
group_3601,-inf
group_3622,-inf
group_3657,-inf
group_3682,-inf
group_371,-0.026955809988528333
group_375,-0.9593081169578459
group_3805,-inf
group_381,-inf
group_3811,-inf
group_3869,-0.9593081169578459
group_3870,-0.9593081169578459
group_3880,-inf
group_3894,-0.9593081169578459
group_3959,-inf
kgtP_2,-0.026955809988528333
group_4071,-inf
group_4085,-inf
group_4088,-0.9593081169578459
group_4291,-inf
group_565,0.6823362644557297
group_578,-0.026955809988528333
group_594,-0.9593081169578459
group_644,-0.9593081169578459
group_648,-0.026955809988528333
group_662,0.6823362644557297
group_685,-inf
group_691,-0.9593081169578459
group_831,1.3917144285892298
group_86,-inf
group_1005,-0.7306850998790105
group_103,-0.7306850998790105
recD2,-0.7306850998790105
group_1346,0.26617586723081743
group_1402,-0.7306850998790105
group_1407,-inf
group_1446,-inf
group_1455,0.26617586723081743
group_1461,1.0932214400332332
group_1472,-inf
group_1473,-0.7306850998790105
group_1483,-inf
group_1497,-inf
group_1500,-inf
group_1508,-0.7306850998790105
group_1559,0.26617586723081743
zupT_4,-inf
group_1703,1.0932214400332332
group_1724,-inf
group_1800,-inf
group_1805,-inf
group_1807,-inf
group_1920,-inf
group_1951,-0.7306850998790105
group_1959,-inf
group_203,-inf
group_2047,-inf
group_2053,-0.7306850998790105
group_2192,-inf
group_2274,-inf
group_228,0.26617586723081743
group_2304,-inf
group_2314,-inf
group_2315,-inf
group_2317,-inf
group_2348,-0.7306850998790105
group_2702,-inf
group_2749,0.26617586723081743
group_2768,1.0932214400332332
group_2817,-inf
group_2823,-inf
group_2832,-0.7306850998790105
group_2842,-inf
group_2856,-0.7306850998790105
group_2879,-inf
group_2882,-inf
group_2922,-inf
group_2939,1.0932214400332332
group_2955,-0.7306850998790105
group_2961,-inf
group_2973,-0.7306850998790105
group_2978,-inf
group_298,-0.7306850998790105
group_2989,0.26617586723081743
group_2990,-0.7306850998790105
group_2993,-inf
group_2994,-inf
group_3013,-0.7306850998790105
group_3016,1.0932214400332332
group_3019,0.26617586723081743
group_3028,-inf
group_3038,-inf
group_304,-0.7306850998790105
group_3043,-inf
group_3339,-inf
group_3354,-inf
group_3355,-inf
group_3357,-inf
group_3369,-inf
group_3440,-inf
group_3441,-inf
group_3444,-inf
group_3450,-inf
tarD,-inf
group_3453,-inf
group_3454,-inf
group_3455,-inf
group_3481,inf
group_3486,-inf
group_3487,-inf
group_3488,-inf
group_3489,-inf
group_3490,-inf
group_3515,-inf
group_3561,inf
group_3580,-0.7306850998790105
group_3590,-inf
group_3600,-inf
group_3643,-inf
group_3649,-inf
group_3689,-inf
group_3691,-inf
group_3697,-inf
group_3698,-inf
group_3721,-inf
group_3722,-inf
group_3729,-inf
group_3744,1.0932214400332332
group_3745,-0.7306850998790105
group_3746,-0.7306850998790105
group_3777,-inf
group_3778,-inf
group_3779,-inf
group_3800,-inf
group_3813,1.0932214400332332
group_3864,-inf
group_3941,-inf
group_3952,-inf
group_3960,-inf
group_3975,inf
group_3976,inf
group_4016,-inf
group_4097,-inf
group_412,0.26617586723081743
group_4137,1.0932214400332332
group_4162,-0.7306850998790105
group_4183,0.26617586723081743
group_4202,-inf
group_4203,-inf
group_4204,-inf
group_4245,-inf
group_4292,-inf
group_4416,-inf
hcpA,-inf
group_4418,-inf
group_4419,-inf
group_4420,-inf
group_4421,-inf
group_4422,-inf
group_4423,-inf
group_4424,-inf
group_4425,-inf
group_4426,-inf
group_4432,-inf
group_4433,-inf
group_4441,-inf
group_4446,-inf
group_4448,-inf
group_4449,-inf
group_4489,2.0902524577840516
group_4684,-inf
group_486,-inf
group_527,-inf
group_551,1.0932214400332332
group_552,-0.7306850998790105
group_57,-0.7306850998790105
group_76,-inf
group_791,-inf
group_82,-inf
group_829,-0.7306850998790105
group_830,-0.7306850998790105
group_849,-0.7306850998790105
group_850,-inf
group_943,-inf
group_956,-inf
group_958,0.26617586723081743
group_1030,-0.4375534226596649
group_1049,-inf
group_1053,-inf
group_1060,-inf
group_11,-0.4375534226596649
group_1121,-inf
group_1126,-inf
group_127,0.6770610428083208
group_128,-inf
group_1296,-0.4375534226596649
group_1325,-0.4375534226596649
group_1327,-inf
group_1392,0.6770610428083208
group_1510,-inf
group_1579,-0.4375534226596649
group_1595,-inf
group_1617,0.6770610428083208
group_1720,-inf
group_1731,-inf
group_1745,-0.4375534226596649
group_1857,-0.4375534226596649
group_1869,-inf
group_1893,-inf
group_1897,1.791759469228055
group_1941,-inf
group_196,-inf
group_1967,-inf
group_1987,-inf
group_1990,-inf
group_2256,0.6770610428083208
purF_1,-inf
group_2271,-inf
group_2282,-inf
group_2293,-inf
group_2301,-inf
group_2302,-0.4375534226596649
group_2303,-inf
group_2308,-inf
group_2321,-inf
group_2323,0.6770610428083208
group_2350,0.6770610428083208
group_2351,0.6770610428083208
group_2358,-inf
group_2359,-inf
group_2368,-inf
group_2369,-inf
group_268,-inf
group_2714,-inf
group_2811,-inf
group_2820,-inf
group_2828,-0.4375534226596649
group_2835,-inf
mhpE,-inf
kpsU,-inf
group_2873,-inf
group_2877,-inf
group_2884,-inf
group_2892,-0.4375534226596649
group_2893,-0.4375534226596649
group_2903,-inf
group_2904,-inf
group_2905,-inf
group_2910,-inf
group_2916,-inf
group_2917,-inf
group_2919,-inf
group_2926,-inf
group_2928,-inf
group_2956,-inf
group_2959,-0.4375534226596649
group_2965,-inf
group_2980,0.6770610428083208
group_2983,0.6770610428083208
group_299,1.791759469228055
group_2996,-0.4375534226596649
group_3009,-inf
group_3029,-inf
group_3032,-inf
group_3039,-inf
group_3041,-inf
group_3363,-inf
group_3425,-inf
group_3426,-inf
group_3428,-inf
group_3451,-inf
group_3457,-inf
group_3468,-0.4375534226596649
group_3472,0.6770610428083208
group_3517,-inf
group_3524,inf
group_3525,inf
group_3557,-inf
group_3571,0.6770610428083208
group_3586,-inf
group_3587,-inf
group_3595,-0.4375534226596649
group_3596,-0.4375534226596649
group_3597,-0.4375534226596649
group_3598,-inf
group_3611,-inf
group_3612,-inf
group_3613,-inf
group_3618,-inf
group_3658,-inf
group_3663,-0.4375534226596649
group_3664,-0.4375534226596649
group_3665,-0.4375534226596649
group_3678,-0.4375534226596649
group_3693,-inf
group_3705,-inf
group_3706,-inf
group_3720,-0.4375534226596649
group_3737,-inf
group_3741,-0.4375534226596649
group_3748,-0.4375534226596649
group_3749,-0.4375534226596649
group_3750,-0.4375534226596649
group_3785,-inf
group_3796,-0.4375534226596649
linA,-0.4375534226596649
aacA-aphD,inf
group_3847,-inf
glpB,-inf
group_3849,-inf
group_3850,-inf
group_3882,-inf
group_3897,-0.4375534226596649
group_39,inf
group_3913,-inf
group_3923,-inf
group_3924,-inf
group_3946,-inf
group_3947,-inf
group_3977,0.6770610428083208
group_3978,0.6770610428083208
group_3981,0.6770610428083208
group_3982,0.6770610428083208
group_3985,0.6770610428083208
group_4004,-inf
group_4017,-inf
group_4025,-inf
group_4078,-inf
group_4080,-inf
group_4081,-inf
group_4084,-inf
group_4086,-inf
group_4094,-inf
group_4140,1.791759469228055
group_4206,-inf
group_4219,-0.4375534226596649
group_4241,-inf
group_4358,-inf
group_4359,-inf
group_4360,-inf
group_4398,-inf
group_4409,-inf
group_4411,-inf
group_4412,-inf
group_4436,-inf
group_4437,-inf
group_4439,-inf
group_4440,-inf
group_4442,-inf
group_4444,-inf
group_4450,-inf
group_4451,-inf
group_4679,inf
group_4680,inf
group_521,1.791759469228055
group_621,-inf
group_630,-inf
group_633,-inf
group_634,-inf
group_66,-inf
group_68,-inf
group_697,-inf
group_737,-0.4375534226596649
group_771,-inf
group_776,0.6770610428083208
group_790,-0.4375534226596649
group_833,-inf
group_861,-inf
group_91,-inf
group_936,0.6770610428083208
group_941,0.6770610428083208
group_979,1.791759469228055
group_98,-inf
group_1017,-inf
group_1024,-inf
group_1035,-0.02666824708216141
group_1042,-inf
group_1194,-0.02666824708216141
group_1223,-0.02666824708216141
group_1237,-inf
group_1253,-0.02666824708216141
mcpQ,inf
group_1262,-inf
group_1275,-inf
group_1276,-inf
group_1280,-inf
group_1288,-inf
group_1294,-inf
group_1311,-0.02666824708216141
group_138,-0.02666824708216141
group_1382,-inf
group_1405,-inf
group_142,-0.02666824708216141
group_1434,1.3755990720031426
group_1438,-inf
group_1467,-0.02666824708216141
group_1477,-inf
group_1490,-inf
group_1496,-inf
ppaX,-0.02666824708216141
group_1625,1.3755990720031426
group_1666,-0.02666824708216141
group_1677,inf
group_1729,-inf
group_1802,-inf
group_183,-inf
group_1831,1.3755990720031426
group_1845,1.3755990720031426
group_1881,inf
group_1898,inf
group_1907,-inf
group_1939,-inf
group_1965,-inf
group_1988,-inf
group_2041,1.3755990720031426
group_2107,-0.02666824708216141
group_212,1.3755990720031426
group_215,-0.02666824708216141
group_2166,1.3755990720031426
group_217,-0.02666824708216141
group_22,-inf
group_2210,-inf
group_2324,-inf
group_2338,-inf
group_2360,-inf
group_2364,-inf
group_2370,-inf
group_26,-inf
group_264,1.3755990720031426
group_266,-inf
group_2719,-inf
group_2731,-0.02666824708216141
group_2772,-inf
group_2819,-inf
group_2909,-inf
group_2911,-0.02666824708216141
group_2912,-inf
group_2913,-inf
group_2914,-inf
group_2927,-inf
group_2934,1.3755990720031426
group_2940,-inf
group_2941,-inf
group_2944,-inf
group_2947,-inf
group_2949,-inf
group_2957,-inf
group_2966,-inf
group_2967,-inf
group_2976,-inf
group_2985,-inf
group_2988,-inf
group_3012,-inf
group_3017,-inf
group_3026,-inf
group_3033,-inf
group_3034,-inf
group_3035,-inf
group_3040,-inf
group_3042,-inf
group_3045,1.3755990720031426
group_309,inf
feoB_3,-inf
group_3215,-inf
group_3216,-inf
group_3217,-inf
group_3237,-0.02666824708216141
group_3238,-0.02666824708216141
group_3239,-0.02666824708216141
group_3342,-inf
group_3347,-0.02666824708216141
group_3361,-inf
group_3364,-inf
group_3423,-inf
group_3427,-inf
group_344,-0.02666824708216141
group_3449,-inf
group_3456,-inf
group_3458,-inf
group_3459,-inf
group_3460,-inf
group_3461,-inf
group_3462,-inf
group_3511,-inf
group_3531,-inf
group_3539,-inf
group_3559,-inf
group_3579,-inf
group_3588,-inf
group_3593,-inf
group_3610,-inf
group_3615,-inf
group_3619,-inf
group_3621,-inf
group_3644,-inf
group_3645,-inf
group_3660,-inf
group_3688,-inf
group_3709,-inf
group_3726,-inf
group_3727,-inf
group_3728,-inf
group_3730,-inf
group_3781,-0.02666824708216141
group_3791,-inf
group_3792,-inf
group_3793,-inf
group_3794,-inf
group_3801,-inf
group_3806,-inf
socA,-inf
group_3808,-inf
group_3814,1.3755990720031426
group_3819,-0.02666824708216141
group_3862,-inf
group_3863,-inf
group_3891,-0.02666824708216141
group_3892,-0.02666824708216141
group_3933,1.3755990720031426
group_3935,-inf
group_3940,-inf
group_3942,-inf
apbC,-inf
group_3944,-inf
group_3945,-inf
group_3972,-inf
group_3973,-inf
group_3979,1.3755990720031426
group_3980,1.3755990720031426
group_3986,1.3755990720031426
group_4006,-inf
group_4018,-inf
group_4019,-inf
group_4021,-inf
group_4030,-inf
group_4079,-inf
group_4089,-inf
group_4090,-inf
group_4098,-inf
group_4102,-0.02666824708216141
group_4189,1.3755990720031426
group_4199,1.3755990720031426
group_4207,-inf
group_4208,-inf
group_4216,-inf
group_4217,-inf
group_4220,-inf
group_4228,-inf
dctA_1,-inf
group_4361,-inf
group_4396,-inf
group_4399,-inf
group_4400,-inf
group_4401,-inf
group_4402,-inf
group_4404,-inf
group_4405,-inf
group_4406,-inf
group_4407,-inf
group_4408,-inf
group_4413,-inf
group_4414,-inf
group_4415,-inf
group_4427,-inf
group_4428,-inf
group_4429,-inf
group_4430,-inf
group_4431,-inf
group_4438,-inf
group_4447,-inf
group_4452,-inf
group_4453,-inf
group_473,-inf
lpxD_2,-inf
group_498,-inf
group_504,-inf
group_508,-inf
group_510,-inf
group_543,-inf
group_544,-inf
group_607,-inf
group_655,-inf
group_681,-inf
group_690,-inf
group_696,-inf
group_728,inf
group_8,1.3755990720031426
group_853,-inf
group_858,-0.02666824708216141
group_869,-inf
group_885,-inf
group_891,-inf
uctC,-inf
group_921,-inf
group_955,-inf
group_977,-0.02666824708216141
group_1020,-inf
topB_1,-inf
group_1077,0.6718697821126604
group_1100,0.6718697821126604
group_1103,-inf
group_1115,-inf
group_1135,-inf
group_1190,0.6718697821126604
group_1206,-inf
group_1272,-inf
group_1274,-inf
group_1287,-inf
group_1289,-inf
rmd_2,-inf
group_1333,-inf
group_1342,0.6718697821126604
group_1355,-inf
group_136,-inf
group_1362,0.6718697821126604
group_1379,0.6718697821126604
group_139,0.6718697821126604
cydA_1,-inf
group_1399,-inf
group_14,inf
group_141,0.6718697821126604
group_1410,-inf
group_143,0.6718697821126604
group_1451,-inf
group_1481,inf
group_1484,-inf
group_1498,-inf
group_1516,-inf
group_1614,-inf
group_163,inf
group_1635,-inf
group_1694,-inf
group_171,-inf
group_1710,-inf
group_1730,-inf
group_1741,-inf
group_18,inf
group_182,-inf
group_1835,-inf
mqnA_2,0.6718697821126604
group_1890,0.6718697821126604
group_1894,0.6718697821126604
group_1946,-inf
group_1962,-inf
group_1997,-inf
group_2001,-inf
group_205,-inf
htpG_2,-inf
group_2072,-inf
group_2141,-inf
group_2175,inf
group_2229,-inf
group_2246,0.6718697821126604
group_2272,-inf
group_2307,-inf
group_2329,-inf
group_2330,-inf
group_2340,-inf
group_2341,-inf
group_2343,-inf
group_2362,-inf
group_2371,-inf
group_2373,-inf
group_256,-inf
group_260,-inf
group_265,0.6718697821126604
group_2691,-inf
rfbJ_1,-inf
group_2763,-inf
group_2799,-inf
group_2805,-inf
group_284,-inf
group_2868,-inf
group_2875,-inf
group_2876,-inf
group_288,-inf
group_2885,-inf
group_2923,-inf
cysN_1,-inf
group_2937,-inf
group_2953,-inf
group_2958,-inf
group_2960,-inf
group_2968,-inf
group_2970,-inf
group_2971,-inf
group_2974,-inf
group_2979,-inf
group_2984,-inf
group_2986,-inf
group_2987,-inf
group_30,0.6718697821126604
group_3010,-inf
group_3015,0.6718697821126604
group_3020,inf
bdlA,inf
group_3022,-inf
group_3023,-inf
group_3024,-inf
group_3025,-inf
group_3027,-inf
group_3030,-inf
group_3031,-inf
group_3036,-inf
group_3037,-inf
group_3044,-inf
group_3046,-inf
group_3222,-inf
group_3349,-inf
group_3351,-inf
group_3352,-inf
group_3353,-inf
group_3358,-inf
group_3362,-inf
group_3407,-inf
group_341,-inf
group_3464,-inf
group_348,0.6718697821126604
group_3482,0.6718697821126604
group_3505,-inf
group_351,0.6718697821126604
group_3512,-inf
group_3573,0.6718697821126604
group_3575,0.6718697821126604
group_3576,0.6718697821126604
group_3577,0.6718697821126604
group_3605,-inf
group_3606,-inf
group_3648,-inf
group_3650,-inf
group_3659,-inf
group_3661,-inf
group_3666,-inf
group_3692,-inf
group_3696,-inf
group_3699,-inf
group_3700,-inf
group_3707,-inf
group_3714,-inf
group_3725,-inf
group_3735,0.6718697821126604
group_3742,0.6718697821126604
group_3743,0.6718697821126604
group_3752,-inf
group_3761,-inf
group_3767,-inf
group_3776,-inf
yagU,-inf
group_3787,-inf
group_3795,-inf
yclN_1,0.6718697821126604
group_3815,-inf
group_3818,0.6718697821126604
group_3820,0.6718697821126604
group_3821,-inf
group_3822,-inf
group_3823,-inf
sat_2,-inf
group_3825,-inf
group_3826,-inf
neuA_1,-inf
group_3828,-inf
group_3829,-inf
group_3830,-inf
group_3831,-inf
group_3832,-inf
legI_1,-inf
group_3834,-inf
neuA_2,-inf
group_3836,-inf
rfbD,-inf
galE_1,-inf
group_3839,-inf
group_3840,-inf
group_3841,-inf
group_3842,-inf
group_3843,-inf
yhdN,-inf
group_3845,-inf
group_3846,-inf
group_3851,-inf
group_3852,-inf
group_3853,-inf
group_3855,-inf
dorA,-inf
group_3857,-inf
group_3858,-inf
group_3859,-inf
group_3860,-inf
group_3861,-inf
group_3865,-inf
group_3866,-inf
group_3871,-inf
group_3872,-inf
group_3886,-inf
group_3887,-inf
group_3888,-inf
group_3889,-inf
group_3890,0.6718697821126604
group_3895,inf
group_3898,-inf
group_3899,-inf
group_3900,-inf
group_3901,-inf
group_3902,-inf
group_3903,-inf
group_3904,-inf
group_3905,-inf
group_3906,-inf
group_3932,-inf
group_3950,-inf
group_3951,-inf
group_3956,-inf
group_3957,-inf
group_3958,-inf
group_3966,-inf
group_3983,inf
group_3984,inf
group_3991,-inf
ispD,-inf
group_3995,-inf
group_4000,-inf
group_4001,-inf
group_4013,-inf
group_408,inf
group_4091,-inf
group_4095,-inf
group_4096,-inf
group_4105,0.6718697821126604
group_4106,0.6718697821126604
group_4107,0.6718697821126604
group_4108,0.6718697821126604
group_4109,0.6718697821126604
group_4110,0.6718697821126604
group_4111,0.6718697821126604
mazF9,0.6718697821126604
group_4113,0.6718697821126604
group_4114,0.6718697821126604
group_4115,0.6718697821126604
group_4116,0.6718697821126604
group_4117,0.6718697821126604
group_4118,0.6718697821126604
group_4119,0.6718697821126604
group_4120,0.6718697821126604
group_4121,0.6718697821126604
group_4122,0.6718697821126604
group_4123,0.6718697821126604
group_4124,0.6718697821126604
group_4125,0.6718697821126604
group_4126,0.6718697821126604
group_4127,0.6718697821126604
group_4128,0.6718697821126604
group_4129,0.6718697821126604
group_4130,0.6718697821126604
group_4131,0.6718697821126604
group_4136,0.6718697821126604
group_4138,0.6718697821126604
group_414,0.6718697821126604
porA_1,-inf
btuF_1,-inf
btuF_3,-inf
hmuU_1,-inf
hmuV,-inf
bcp_2,-inf
group_4158,-inf
group_4175,-inf
group_4176,inf
group_4177,inf
group_4178,inf
group_4179,inf
group_4180,inf
secB,inf
group_4185,inf
group_4186,inf
group_4187,inf
group_4188,inf
group_4191,inf
group_4192,inf
pglD_1,inf
group_4194,inf
group_4195,inf
group_4196,inf
group_4197,inf
group_4198,inf
group_4200,inf
group_4209,-inf
group_4221,-inf
group_4224,-inf
group_4229,-inf
group_4230,-inf
group_4233,-inf
group_4235,-inf
group_4236,-inf
group_4253,-inf
group_4254,-inf
group_4255,-inf
group_4256,-inf
group_4257,-inf
group_4258,-inf
group_4259,-inf
group_4260,-inf
group_4261,-inf
hxlR,-inf
group_4263,-inf
group_4264,-inf
group_4265,-inf
pxpC_1,-inf
group_4267,-inf
group_4281,-inf
group_4282,-inf
group_4294,-inf
group_4299,-inf
rfbA,-inf
group_4309,-inf
rmlD,-inf
group_4311,-inf
group_4312,-inf
group_4313,-inf
group_4314,-inf
group_4315,-inf
group_4316,-inf
group_4317,-inf
tarI2,-inf
group_4319,-inf
ulaF,-inf
hyaD,-inf
group_4338,-inf
group_4339,-inf
group_4340,-inf
group_4343,-inf
group_4344,-inf
group_4345,-inf
group_4346,-inf
group_4365,-inf
dctA_2,0.6718697821126604
group_4380,-inf
group_4381,-inf
group_4382,-inf
group_4387,-inf
group_4394,-inf
group_4395,-inf
group_4397,-inf
group_4410,-inf
group_4463,-inf
vapD,-inf
group_4465,-inf
group_4477,-inf
group_4488,-inf
group_4490,inf
yflS_1,0.6718697821126604
group_4500,-inf
group_457,0.6718697821126604
group_4607,-inf
group_4608,-inf
group_4609,-inf
group_4610,-inf
group_4611,-inf
group_4612,-inf
group_477,-inf
group_487,-inf
group_49,-inf
group_493,-inf
group_5,-inf
group_509,-inf
group_528,-inf
group_581,-inf
group_587,0.6718697821126604
group_631,-inf
group_637,-inf
group_642,0.6718697821126604
group_643,-inf
group_65,-inf
group_658,-inf
group_671,0.6718697821126604
group_678,0.6718697821126604
group_750,-inf
group_769,0.6718697821126604
group_788,-inf
group_793,-inf
group_810,-inf
group_83,0.6718697821126604
group_860,0.6718697821126604
group_863,-inf
group_919,-inf
group_932,-inf
group_978,0.6718697821126604
group_995,0.6718697821126604
group_10,inf
group_101,-inf
group_1016,-inf
group_1025,inf
group_1031,-inf
group_1033,inf
group_1036,-inf
group_1037,-inf
group_1040,-inf
group_1046,-inf
group_1047,-inf
group_1050,-inf
group_1051,-inf
group_1052,-inf
group_1054,-inf
group_1066,-inf
group_1067,-inf
group_107,-inf
kpsF,-inf
group_108,-inf
group_111,-inf
group_1116,-inf
group_1117,-inf
group_1118,-inf
group_1119,-inf
group_112,-inf
group_1122,-inf
group_1123,-inf
group_1125,-inf
group_1136,-inf
group_1141,-inf
group_1146,-inf
flhA_1,-inf
nimT,-inf
group_1166,-inf
group_1173,-inf
group_1176,-inf
group_1178,-inf
group_1181,-inf
group_1182,inf
group_1184,-inf
group_1187,-inf
group_119,-inf
group_1196,-inf
nrgA_2,-inf
group_12,inf
group_122,inf
leuB_2,-inf
group_1225,-inf
group_1228,-inf
group_123,-inf
group_124,-inf
group_1243,-inf
group_125,inf
group_1250,-inf
group_1252,-inf
group_1265,inf
group_1273,-inf
group_1277,-inf
group_1278,-inf
group_1281,-inf
group_1284,-inf
group_1297,-inf
group_130,-inf
group_131,-inf
group_1329,-inf
group_1334,-inf
group_1364,-inf
group_1365,-inf
group_1374,-inf
group_1380,-inf
group_1398,-inf
group_140,-inf
group_1400,-inf
group_1401,inf
group_1403,-inf
group_1418,-inf
group_1420,-inf
group_1421,-inf
group_1423,-inf
group_1426,-inf
group_1436,-inf
group_1437,-inf
group_1441,-inf
group_1445,inf
group_145,-inf
group_1450,-inf
group_1471,-inf
group_1474,inf
group_1486,-inf
group_1488,-inf
group_1502,inf
group_1503,-inf
group_1504,-inf
group_1507,-inf
group_1511,-inf
group_1512,-inf
group_1517,-inf
group_1531,-inf
group_1537,-inf
group_1538,-inf
pstC1_1,-inf
sucC_2,-inf
group_1566,inf
group_1567,-inf
group_157,-inf
group_1578,inf
group_159,inf
group_16,-inf
group_160,-inf
rpsK_2,inf
group_1605,inf
group_161,inf
obg_1,-inf
group_1611,-inf
obg_2,inf
group_1616,inf
group_1618,inf
group_1619,inf
group_1620,inf
group_1622,inf
group_1623,inf
group_1630,-inf
group_165,inf
group_1652,-inf
group_1661,-inf
group_1664,-inf
group_1667,-inf
group_1671,inf
gmd_2,inf
group_1682,-inf
zupT_1,-inf
group_1684,-inf
zupT_3,-inf
group_1691,-inf
group_1693,-inf
group_1707,-inf
group_1717,-inf
group_172,-inf
group_1727,-inf
group_173,inf
group_1733,-inf
group_174,-inf
mfd_1,inf
group_1750,-inf
group_1768,-inf
group_1769,inf
purA_2,-inf
serB_2,inf
group_1825,-inf
group_184,-inf
group_1849,-inf
group_1851,-inf
group_1852,-inf
purL_2,inf
group_187,-inf
group_1875,-inf
group_1877,-inf
group_1888,-inf
group_1889,-inf
group_1896,-inf
group_191,-inf
group_1923,-inf
group_1926,-inf
group_194,-inf
group_195,-inf
group_1950,-inf
group_1955,-inf
vgrG1,-inf
group_1973,-inf
group_1989,-inf
group_1996,-inf
group_1998,-inf
group_2,-inf
group_20,-inf
group_2002,-inf
group_202,-inf
group_2025,-inf
group_204,-inf
group_2050,-inf
group_2054,-inf
group_2055,-inf
group_2056,-inf
group_2057,-inf
group_2058,-inf
group_2064,inf
group_208,-inf
mlaA_2,inf
group_21,-inf
group_211,inf
fliG_1,-inf
group_213,-inf
group_219,inf
group_2197,-inf
group_2198,-inf
group_2199,-inf
group_2200,-inf
group_2201,inf
group_2220,-inf
group_223,inf
group_2239,-inf
group_224,inf
group_2248,-inf
group_2249,-inf
group_225,inf
group_227,-inf
group_2313,-inf
group_2331,-inf
group_234,-inf
group_2344,-inf
prkC,-inf
group_235,-inf
group_2354,-inf
group_2363,-inf
group_2372,-inf
group_2374,-inf
group_24,-inf
group_243,inf
group_245,-inf
group_248,inf
group_25,-inf
group_252,-inf
group_253,-inf
group_258,-inf
group_259,-inf
group_267,-inf
group_269,-inf
group_272,-inf
rfbF_2,-inf
group_278,-inf
group_279,-inf
group_28,-inf
group_281,-inf
group_286,inf
group_2880,-inf
group_2881,-inf
group_289,-inf
group_29,-inf
group_290,-inf
group_297,-inf
cysN_2,-inf
group_302,inf
group_305,-inf
group_312,-inf
group_313,-inf
group_3201,-inf
group_3208,-inf
group_3209,-inf
group_321,-inf
group_327,-inf
group_330,-inf
group_3303,-inf
group_3308,-inf
group_333,-inf
group_3348,-inf
group_335,-inf
group_3350,-inf
group_337,-inf
group_339,-inf
group_34,inf
group_3429,-inf
group_343,-inf
group_346,-inf
accC_2,-inf
group_3494,-inf
group_3495,-inf
group_3496,-inf
group_3497,-inf
group_3498,-inf
group_3499,-inf
group_35,inf
group_3500,-inf
group_3501,-inf
group_3502,-inf
group_3503,-inf
group_3504,-inf
group_3507,-inf
group_3508,-inf
group_3514,-inf
group_3533,-inf
group_3534,-inf
group_3535,-inf
group_3536,-inf
group_3537,-inf
group_3538,-inf
group_354,inf
group_3540,-inf
group_3541,-inf
group_3542,-inf
group_3544,-inf
group_3545,-inf
group_3547,-inf
group_3548,-inf
hldD_2,-inf
group_3550,-inf
group_3551,-inf
group_3552,-inf
group_3553,-inf
group_3554,-inf
group_3555,-inf
group_3558,-inf
group_3565,-inf
group_3567,-inf
group_3569,inf
group_3572,inf
group_3578,-inf
group_3585,-inf
group_3589,-inf
group_3591,-inf
group_3614,-inf
group_3616,-inf
group_3623,-inf
group_3624,-inf
group_3625,-inf
group_3626,-inf
group_3627,-inf
group_3628,-inf
group_3629,-inf
group_363,-inf
group_3630,-inf
group_3631,-inf
group_3632,-inf
group_3633,-inf
wecC,-inf
wecB,-inf
group_3636,-inf
group_3637,-inf
group_3638,-inf
group_3639,-inf
group_3640,-inf
group_3641,-inf
group_3651,-inf
group_3652,-inf
group_3654,-inf
hindIIIM,-inf
group_3656,-inf
group_3667,-inf
group_3668,-inf
group_3669,-inf
group_3670,-inf
group_3671,-inf
group_3672,-inf
group_3673,-inf
group_3674,-inf
group_3679,-inf
group_3680,-inf
group_3683,-inf
group_3684,-inf
group_3685,-inf
group_3686,-inf
group_3687,-inf
group_3690,-inf
group_3701,-inf
group_3702,-inf
group_3703,-inf
group_3704,-inf
wbpA,-inf
group_3712,-inf
group_3713,-inf
group_3715,-inf
group_3716,-inf
group_3717,-inf
group_3718,inf
group_3719,-inf
group_3723,-inf
group_3724,-inf
group_373,-inf
group_3731,-inf
group_3732,-inf
group_3733,-inf
group_3734,-inf
group_3736,-inf
group_374,-inf
group_3747,-inf
group_3751,-inf
group_3753,-inf
group_3754,-inf
group_3755,-inf
group_3756,-inf
group_3757,-inf
group_3758,-inf
group_3759,-inf
group_3760,-inf
group_3762,-inf
group_3763,-inf
group_3764,-inf
group_3782,-inf
group_3784,-inf
group_3789,-inf
group_3790,-inf
group_3798,inf
group_38,-inf
group_380,-inf
group_3810,-inf
group_3816,-inf
group_384,-inf
group_3873,-inf
group_3874,-inf
group_3875,-inf
group_3876,-inf
group_3877,-inf
group_3878,-inf
group_3879,-inf
group_3881,inf
group_3884,-inf
group_3885,-inf
group_389,-inf
group_3896,-inf
group_3907,-inf
group_3908,-inf
group_3910,-inf
group_3912,-inf
group_3918,-inf
group_3919,-inf
group_3920,-inf
group_3921,-inf
group_3922,-inf
group_3925,-inf
group_3927,-inf
group_3928,-inf
group_3929,-inf
dcd_1,-inf
group_3931,-inf
group_3934,-inf
group_3936,-inf
group_3937,-inf
group_3938,-inf
group_3939,inf
group_3948,-inf
group_3949,-inf
group_395,-inf
group_3953,-inf
group_3954,-inf
group_396,-inf
group_3961,-inf
group_3962,-inf
group_3963,inf
group_3964,inf
group_3965,-inf
group_3967,-inf
group_3968,-inf
group_3969,-inf
lepA_3,inf
group_3970,-inf
group_3971,-inf
group_3974,inf
group_3988,-inf
group_3989,-inf
group_3990,-inf
group_3992,-inf
group_3993,-inf
group_3996,-inf
group_3997,-inf
group_3998,-inf
group_3999,-inf
group_400,-inf
group_4002,-inf
group_4003,-inf
group_401,-inf
group_4020,-inf
group_4050,-inf
group_407,-inf
tagD,-inf
group_4074,-inf
group_4075,-inf
group_4076,-inf
group_4077,-inf
group_4082,-inf
group_4083,-inf
group_409,inf
group_4092,-inf
group_4093,-inf
group_410,inf
group_4100,inf
group_4103,inf
group_4104,inf
group_4132,inf
group_4133,inf
group_4134,inf
group_4135,inf
group_4139,inf
group_4141,inf
group_4142,-inf
group_4143,-inf
group_4144,-inf
group_4148,-inf
group_4149,-inf
group_415,-inf
group_4150,-inf
group_4151,-inf
group_4159,inf
group_4160,-inf
group_4161,-inf
group_4163,-inf
group_4164,-inf
group_4165,-inf
group_4166,-inf
group_4167,-inf
group_4168,-inf
group_4169,-inf
group_4170,-inf
group_4171,-inf
group_4172,-inf
group_4173,-inf
group_4174,-inf
group_418,-inf
group_4181,inf
group_4184,inf
group_42,-inf
aroH_2,inf
group_4205,-inf
group_4210,-inf
group_4211,-inf
group_4212,-inf
group_4213,-inf
group_4214,-inf
group_4215,-inf
group_4218,-inf
group_422,-inf
group_4222,-inf
group_4223,-inf
group_4225,-inf
group_4226,-inf
group_4227,-inf
group_4231,-inf
group_4232,-inf
group_4234,-inf
group_4237,-inf
group_4238,-inf
group_4239,-inf
group_4240,-inf
group_4242,-inf
group_4243,-inf
group_4244,-inf
group_4246,-inf
group_4247,-inf
group_4248,-inf
group_4249,-inf
group_4251,-inf
group_4252,-inf
group_4268,-inf
group_4269,-inf
group_4270,-inf
group_4271,-inf
group_4272,-inf
group_4273,-inf
group_4274,inf
group_4275,-inf
group_4276,-inf
group_4277,-inf
group_4278,-inf
group_4279,-inf
group_4280,-inf
group_4284,-inf
group_4285,-inf
group_4286,-inf
group_4287,-inf
group_4288,-inf
group_4289,-inf
group_4290,-inf
group_4293,-inf
group_4295,-inf
yclP_2,-inf
group_4297,-inf
lexA_2,-inf
group_4301,-inf
group_4302,-inf
group_4303,-inf
group_4304,-inf
group_4305,-inf
group_4306,-inf
group_4307,-inf
group_4322,-inf
group_4323,inf
group_4324,inf
group_4325,inf
group_4326,inf
group_4327,inf
group_4328,inf
group_4329,inf
group_433,-inf
group_4330,inf
group_4331,inf
group_4332,inf
group_4333,inf
group_4334,-inf
group_4335,-inf
group_4336,-inf
group_4337,-inf
group_434,-inf
group_4341,-inf
group_4342,-inf
group_4347,inf
group_4348,inf
group_4349,inf
group_4350,inf
group_4351,inf
group_4352,-inf
group_4353,-inf
group_4354,-inf
group_4355,-inf
group_4356,-inf
group_4357,-inf
group_436,-inf
group_4362,-inf
group_4363,-inf
group_4364,-inf
intA_1,-inf
group_4367,-inf
group_4368,-inf
group_4369,-inf
group_4370,-inf
group_4371,-inf
group_4372,-inf
group_4373,-inf
group_4374,-inf
group_4375,-inf
group_4376,-inf
group_4377,-inf
group_4378,-inf
group_4379,-inf
group_4383,-inf
group_4384,-inf
group_4385,-inf
group_4386,-inf
group_4388,-inf
group_4389,-inf
group_4390,-inf
group_4391,-inf
group_4392,-inf
group_4393,-inf
group_4434,-inf
group_4435,-inf
group_4443,-inf
group_4445,-inf
group_4454,inf
group_4455,-inf
group_4456,-inf
group_4457,-inf
group_4458,-inf
group_4459,-inf
group_4460,-inf
group_4461,-inf
group_4462,-inf
group_4466,-inf
group_4467,-inf
group_4468,-inf
group_4469,-inf
group_4470,-inf
group_4471,-inf
group_4472,-inf
group_4473,-inf
group_4474,-inf
group_4475,-inf
group_4476,-inf
group_4478,-inf
group_4479,-inf
group_4480,-inf
group_4481,-inf
group_4482,-inf
group_4483,-inf
group_4484,-inf
group_4485,-inf
group_4486,-inf
group_4487,-inf
group_449,-inf
group_4492,-inf
group_4493,-inf
cheY_1,inf
group_4495,-inf
group_4496,-inf
group_4497,-inf
group_4498,-inf
group_4499,-inf
group_4502,-inf
group_4503,-inf
group_4504,-inf
group_4505,-inf
group_4506,-inf
group_4507,-inf
group_4508,-inf
group_4509,-inf
group_4510,-inf
group_4511,-inf
group_4512,-inf
group_4513,-inf
group_4514,-inf
group_4515,-inf
group_4516,-inf
group_4517,-inf
group_4518,-inf
group_4519,-inf
group_4520,-inf
group_4521,-inf
group_4522,-inf
group_4523,-inf
group_4524,-inf
group_4525,-inf
group_4526,-inf
group_4527,-inf
group_4528,-inf
group_4529,-inf
group_453,-inf
group_4530,-inf
group_4531,-inf
group_4532,-inf
group_4533,-inf
group_4534,-inf
group_4535,-inf
group_4536,-inf
group_4537,-inf
group_4538,-inf
group_4539,-inf
group_4540,-inf
group_4541,-inf
group_4542,-inf
group_4543,-inf
group_4544,-inf
group_4545,-inf
group_4546,-inf
group_4547,-inf
group_4548,-inf
group_4549,-inf
group_455,inf
group_4550,-inf
group_4551,-inf
group_4552,-inf
group_4553,-inf
group_4554,-inf
group_4555,-inf
group_4556,-inf
group_4557,-inf
group_4558,-inf
group_4559,-inf
group_4560,-inf
group_4561,-inf
group_4562,-inf
group_4563,-inf
group_4564,-inf
group_4565,-inf
group_4566,-inf
group_4567,-inf
group_4568,-inf
group_4569,-inf
group_4570,-inf
group_4571,-inf
group_4572,-inf
group_4573,-inf
group_4574,-inf
group_4575,-inf
group_4576,-inf
group_4577,-inf
group_4578,-inf
group_4579,-inf
group_458,-inf
group_4580,-inf
group_4581,-inf
group_4582,-inf
group_4583,-inf
group_4584,-inf
fokIM_2,-inf
group_4586,-inf
group_4587,-inf
group_4588,-inf
group_4589,-inf
group_4590,-inf
group_4591,-inf
group_4592,-inf
group_4593,-inf
group_4594,-inf
group_4595,-inf
group_4596,-inf
group_4597,-inf
group_4598,-inf
group_4599,-inf
group_460,inf
group_4600,-inf
group_4601,-inf
group_4602,-inf
group_4603,-inf
group_4604,inf
group_4605,-inf
group_4606,-inf
pglA_1,-inf
group_4614,-inf
group_4615,-inf
group_4616,-inf
group_4617,-inf
group_4618,-inf
group_4619,-inf
group_4620,-inf
group_4621,-inf
group_4622,-inf
group_4623,-inf
group_4624,-inf
group_4625,-inf
group_4626,-inf
group_4627,-inf
group_4628,-inf
group_4629,-inf
group_4630,-inf
group_4631,-inf
group_4632,-inf
group_4633,-inf
group_4634,-inf
group_4635,-inf
group_4636,-inf
group_4637,-inf
cfa,-inf
group_4639,-inf
group_4640,-inf
group_4641,-inf
group_4642,-inf
cysQ,-inf
group_4644,-inf
group_4645,-inf
group_4646,-inf
group_4647,-inf
group_4648,inf
group_4649,-inf
rfbB_1,-inf
group_4651,-inf
group_4652,-inf
group_4653,-inf
group_4654,-inf
group_4655,-inf
group_4656,-inf
group_4657,-inf
group_4659,-inf
group_4660,-inf
group_4661,-inf
group_4662,-inf
group_4663,-inf
group_4664,-inf
group_4665,inf
group_4666,inf
group_4667,-inf
group_4668,-inf
group_4669,-inf
group_4670,-inf
group_4671,-inf
group_4672,-inf
group_4673,-inf
group_4674,-inf
group_4675,-inf
group_4676,-inf
group_468,-inf
group_4681,inf
group_4682,inf
group_4683,inf
group_469,-inf
group_47,-inf
group_470,-inf
group_471,-inf
group_472,-inf
group_476,inf
group_480,-inf
group_482,-inf
group_488,-inf
group_489,-inf
rplQ_2,-inf
rpsD_2,-inf
rpoA_2,-inf
group_500,-inf
group_501,-inf
group_502,-inf
group_503,-inf
group_515,-inf
group_518,-inf
group_52,-inf
group_523,-inf
group_529,-inf
group_530,-inf
group_533,-inf
group_534,inf
group_535,inf
group_540,-inf
group_542,inf
group_549,-inf
group_555,-inf
group_556,inf
group_56,-inf
group_570,-inf
group_571,-inf
group_572,-inf
group_58,-inf
group_580,-inf
group_583,-inf
group_589,inf
group_590,-inf
group_593,-inf
group_597,-inf
group_6,-inf
group_60,-inf
group_600,-inf
group_601,-inf
group_605,-inf
group_606,-inf
group_608,-inf
group_609,-inf
group_613,inf
group_619,-inf
group_623,-inf
group_626,-inf
group_627,inf
group_629,-inf
group_635,inf
group_646,-inf
group_647,-inf
group_649,-inf
group_651,-inf
group_652,-inf
group_656,-inf
group_657,-inf
group_665,-inf
group_666,-inf
group_667,-inf
group_676,-inf
group_677,-inf
group_679,-inf
group_680,-inf
group_695,-inf
group_702,inf
group_703,inf
group_704,-inf
group_705,-inf
group_718,inf
group_719,-inf
group_722,inf
group_725,-inf
group_726,inf
group_727,-inf
group_731,-inf
group_738,-inf
group_740,inf
group_743,-inf
group_744,-inf
group_745,-inf
group_746,-inf
group_75,-inf
group_751,-inf
tetO,-inf
group_763,-inf
group_766,-inf
group_77,-inf
group_772,-inf
group_777,-inf
group_786,-inf
group_789,-inf
group_797,inf
group_801,inf
group_802,-inf
group_803,inf
group_804,inf
group_805,-inf
group_812,inf
group_813,inf
group_815,inf
group_816,-inf
group_826,-inf
group_828,-inf
group_835,-inf
group_836,-inf
group_840,inf
group_841,-inf
group_842,-inf
group_843,-inf
group_844,-inf
group_847,-inf
group_848,-inf
group_851,-inf
group_864,-inf
group_865,-inf
group_866,-inf
group_874,-inf
group_875,inf
group_877,inf
group_88,inf
group_880,-inf
group_89,-inf
group_893,-inf
group_894,-inf
group_90,inf
group_917,-inf
group_918,-inf
group_920,-inf
group_931,-inf
group_944,-inf
group_946,-inf
group_947,-inf
group_95,-inf
group_950,-inf
group_951,-inf
group_963,inf
group_971,-inf
group_975,inf
group_976,inf
thrZ_2,-inf
