,var_freq,var_count,var_norm_count,var_cum_norm_count,var_cum_count,var_norm_freq,var_log_freq,var_log_cum_count,cum_norm_y_hat,cum_y_hat
0,1,2586,1.0,1.0,2586,0.0,0.0,3.4126285205443754,0.9126914639895745,2360.30743441305
1,2,896,0.34622823984526113,1.3462282398452612,3482,0.0037313432835820895,0.3010299956639812,3.5418287667813124,1.3641786219803005,3528.4017378190765
2,3,435,0.1678916827852998,1.514119922630561,3917,0.007462686567164179,0.47712125471966244,3.592953571547866,1.5697661311930893,4060.8454491341354
3,4,302,0.11644100580270793,1.630560928433269,4219,0.011194029850746268,0.6020599913279624,3.625209525381881,1.6944352321156255,4384.115075018892
4,5,233,0.0897485493230174,1.7203094777562864,4452,0.014925373134328358,0.6989700043360189,3.6485551556626707,1.7805884900042392,4607.821246660958
5,6,170,0.06537717601547388,1.7856866537717604,4622,0.018656716417910446,0.7781512503836436,3.6648299411430907,1.8448199556766418,4774.859585424119
6,7,140,0.053771760154738876,1.8394584139264993,4762,0.022388059701492536,0.8450980400142568,3.677789391068861,1.8951540228653412,4905.973149106907
7,8,142,0.05454545454545454,1.8940038684719538,4904,0.026119402985074626,0.9030899869919435,3.690550461510359,1.9360140928050726,5012.596429901113
8,9,97,0.03713733075435203,1.931141199226306,5001,0.029850746268656716,0.9542425094393249,3.699056854547668,1.9700680318454244,5101.625862320422
9,10,135,0.051837524177949706,1.9829787234042555,5136,0.033582089552238806,1.0,3.710625015060797,1.9990344836147482,5177.504140144124
10,11,86,0.03288201160541586,2.0158607350096713,5222,0.03731343283582089,1.041392685158225,3.7178368674869255,2.024077906295903,5243.241387774909
11,12,86,0.03288201160541586,2.0487427466150874,5308,0.041044776119402986,1.0791812460476249,3.724930914192398,2.0460194275164696,5300.960220130073
12,13,62,0.023597678916827854,2.072340425531915,5370,0.04477611940298507,1.1139433523068367,3.7299742856995555,2.0654571618462145,5352.206763372464
13,14,56,0.02127659574468085,2.093617021276596,5426,0.048507462686567165,1.146128035678238,3.7344797894255772,2.0828386484793424,5398.137906319099
14,15,41,0.015473887814313346,2.1090909090909093,5467,0.05223880597014925,1.1760912590556813,3.7377490738915573,2.0985064282365418,5439.63911699146
15,16,33,0.012379110251450677,2.12147001934236,5500,0.055970149253731345,1.2041199826559248,3.7403626894942437,2.1127277985577657,5477.401359271824
16,17,41,0.015473887814313346,2.1369439071566734,5541,0.05970149253731343,1.2304489213782739,3.743588150159904,2.1257148585022514,5511.97290922832
17,18,29,0.010831721470019342,2.1477756286266927,5570,0.06343283582089553,1.255272505103306,3.745855195173729,2.137638382420763,5543.795218557672
18,19,41,0.015473887814313346,2.163249516441006,5611,0.06716417910447761,1.2787536009528289,3.749040268703457,2.148637650909347,5573.228327600663
19,20,25,0.009284332688588007,2.172533849129594,5636,0.0708955223880597,1.3010299956639813,3.750970984437319,2.158827562591522,5600.569249299085
20,21,35,0.013152804642166345,2.1856866537717603,5671,0.07462686567164178,1.3222192947339193,3.753659647285999,2.168303873912463,5626.065514063718
21,22,39,0.014700193423597678,2.200386847195358,5710,0.07835820895522388,1.3424226808222062,3.756636108245848,2.177147123282818,5649.925313686085
22,23,16,0.005802707930367505,2.206189555125725,5726,0.08208955223880597,1.3617278360175928,3.75785134368558,2.185425613335939,5672.325210473403
23,24,16,0.005802707930367505,2.2119922630560924,5742,0.08582089552238806,1.380211241711606,3.759063188160487,2.1931977075835265,5693.416074103417
24,25,14,0.005029013539651838,2.2170212765957444,5756,0.08955223880597014,1.3979400086720377,3.7601207852645677,2.2005136204644558,5713.327708900619
25,26,22,0.008123791102514507,2.225145067698259,5778,0.09328358208955224,1.414973347970818,3.7617775375081783,2.2074168279020774,5732.172500126871
26,27,18,0.0065764023210831725,2.231721470019342,5796,0.09701492537313433,1.4313637641589874,3.763128376799137,2.213945190022939,5750.048316209298
27,28,20,0.007350096711798839,2.2390715667311407,5816,0.10074626865671642,1.4471580313422192,3.7646243978509815,2.220131853044206,5767.040840119273
28,29,12,0.00425531914893617,2.243326885880077,5828,0.1044776119402985,1.462397997898956,3.7655195430979527,2.226005979946634,5783.225458162049
29,30,22,0.008123791102514507,2.2514506769825915,5850,0.10820895522388059,1.4771212547196624,3.7671558660821804,2.2315933471065748,5798.668802270497
30,31,13,0.0046421663442940036,2.2560928433268854,5863,0.11194029850746269,1.4913616938342726,3.7681198941847973,2.2369168350415087,5813.430018582301
31,32,15,0.005415860735009671,2.261508704061895,5878,0.11567164179104478,1.505149978319906,3.7692295817365937,2.241996834808303,5827.561817979464
32,33,10,0.003481624758220503,2.2649903288201156,5888,0.11940298507462686,1.5185139398778875,3.7699678013294426,2.2468515866872414,5841.11135158652
33,34,12,0.00425531914893617,2.269245647969052,5900,0.12313432835820895,1.5314789170422551,3.7708520116421442,2.2514974641086756,5854.120944720928
34,35,10,0.003481624758220503,2.2727272727272725,5910,0.12686567164179105,1.5440680443502757,3.7715874808812555,2.25594921299796,5866.628715599728
35,36,11,0.0038684719535783366,2.2765957446808507,5921,0.13059701492537312,1.5563025007672873,3.7723950610820003,2.2602201545913423,5878.669099618622
36,37,15,0.005415860735009671,2.2820116054158603,5936,0.13432835820895522,1.568201724066995,3.7734938922709707,2.2643223581411713,5890.27329579493
37,38,13,0.0046421663442940036,2.2866537717601543,5949,0.13805970149253732,1.5797835966168101,3.774443968924965,2.268266788660727,5901.469648687982
38,39,11,0.0038684719535783366,2.2905222437137325,5960,0.1417910447761194,1.591064607026499,3.7752462597402365,2.272063433867742,5912.283976548116
39,40,6,0.0019342359767891683,2.2924564796905216,5966,0.1455223880597015,1.6020599913279625,3.7756832490260437,2.275721413705353,5922.739854428341
40,41,6,0.0019342359767891683,2.2943907156673107,5972,0.14925373134328357,1.6127838567197355,3.776119799052988,2.279249075200933,5932.858859394415
41,42,9,0.003094777562862669,2.297485493230173,5981,0.15298507462686567,1.6232492903979006,3.776773802412107,2.282654074930145,5942.660783694429
42,43,13,0.0046421663442940036,2.302127659574467,5994,0.15671641791044777,1.6334684555795866,3.7777167386096258,2.285943450958087,5952.163820726658
43,44,7,0.0023210831721470018,2.3044487427466143,6001,0.16044776119402984,1.6434526764861874,3.7782236267660965,2.2891236858103343,5961.384727819717
44,45,8,0.0027079303675048355,2.307156673114119,6009,0.16417910447761194,1.6532125137753437,3.7788022040132385,2.2922007617679445,5970.3389691701395
45,46,8,0.0027079303675048355,2.309864603481624,6017,0.16791044776119404,1.662757831681574,3.779380011491656,2.2951802095695695,5979.04084173734
46,47,8,0.0027079303675048355,2.3125725338491288,6025,0.17164179104477612,1.6720978579357175,3.779957051246906,2.29806715143107,5987.503586449319
47,48,7,0.0023210831721470018,2.314893617021276,6032,0.17537313432835822,1.6812412373755872,3.7804613328617176,2.3008663391508666,5995.739486704993
48,49,6,0.0019342359767891683,2.316827852998065,6038,0.1791044776119403,1.6901960800285136,3.7808931086870787,2.303582187951755,6003.75995585529
49,50,4,0.0011605415860735009,2.3179883945841384,6042,0.1828358208955224,1.6989700043360187,3.781180720937262,2.3062188066123954,6011.575615093046
50,51,5,0.0015473887814313346,2.31953578336557,6047,0.1865671641791045,1.7075701760979363,3.7815399686059417,2.3087800243604084,6019.196362971659
51,52,5,0.0015473887814313346,2.3210831721470013,6052,0.19029850746268656,1.7160033436347992,3.781898919351149,2.3112694149310253,6026.631437596704
52,53,6,0.0019342359767891683,2.3230174081237904,6058,0.19402985074626866,1.7242758696007892,3.782329268996837,2.3136903181381245,6033.889472387055
53,54,6,0.0019342359767891683,2.3249516441005795,6064,0.19776119402985073,1.7323937598229686,3.782759192623997,2.3160458592564113,6040.9785461778265
54,55,5,0.0015473887814313346,2.326499032882011,6069,0.20149253731343283,1.7403626894942439,3.7831171374904673,2.3183389664727816,6047.906228332144
55,56,4,0.0011605415860735009,2.3276595744680844,6073,0.20522388059701493,1.7481880270062005,3.7834032811225633,2.320572386630427,6054.6796194396575
56,57,8,0.0027079303675048355,2.330367504835589,6081,0.208955223880597,1.7558748556724915,3.7839750034126713,2.3227486994598574,6061.305388103735
57,58,5,0.0015473887814313346,2.3319148936170206,6086,0.2126865671641791,1.7634279935629373,3.7843319480221482,2.324870330465954,6067.789804254495
58,59,3,0.0007736943907156673,2.3326885880077364,6089,0.21641791044776118,1.7708520116421442,3.7845459740545224,2.326939562618707,6074.138769369361
59,60,5,0.0015473887814313346,2.334235976789168,6094,0.22014925373134328,1.7781512503836436,3.784902449886655,2.328958546976869,6080.35784393521
60,61,8,0.0027079303675048355,2.3369439071566727,6102,0.22388059701492538,1.7853298350107671,3.785472203306388,2.330929312357893,6086.452272445157
61,62,21,0.007736943907156673,2.3446808510638295,6123,0.22761194029850745,1.792391689498254,3.786964259435733,2.3328537741538407,6092.427006187681
62,63,4,0.0011605415860735009,2.345841392649903,6127,0.23134328358208955,1.7993405494535817,3.787247880331954,2.334733742381109,6098.28672405517
63,64,4,0.0011605415860735009,2.3470019342359763,6131,0.23507462686567165,1.806179973983887,3.787531316127234,2.3365709290415353,6104.035851572373
64,65,8,0.0027079303675048355,2.349709864603481,6139,0.23880597014925373,1.8129133566428555,3.788097633380297,2.338366954863531,6109.678578322232
65,66,2,0.00038684719535783365,2.3500967117988387,6141,0.24253731343283583,1.8195439355418688,3.788239097382168,2.3401233554840895,6115.218873926376
66,67,3,0.0007736943907156673,2.3508704061895545,6144,0.2462686567164179,1.8260748027008264,3.7884512070234555,2.3418415871257436,6120.660502720052
67,68,7,0.0023210831721470018,2.3531914893617016,6151,0.25,1.8325089127062364,3.788945727023748,2.343523031816575,6126.007037245851
68,69,1,0.0,2.3531914893617016,6152,0.2537313432835821,1.8388490907372552,3.7890163267933747,2.3451690021961715,6131.261870677108
69,70,1,0.0,2.3531914893617016,6153,0.2574626865671642,1.845098040014257,3.7890869150880286,2.346780745945851,6136.42822827003
70,71,3,0.0007736943907156673,2.3539651837524174,6156,0.26119402985074625,1.8512583487190752,3.789298611159441,2.3483594498774236,6141.509177933144
71,72,7,0.0023210831721470018,2.3562862669245646,6163,0.26492537313432835,1.8573324964312685,3.7897921677306754,2.3499062437112004,6146.507639993457
72,73,6,0.0019342359767891683,2.3582205029013537,6169,0.26865671641791045,1.863322860120456,3.7902147702439795,2.3514222035708294,6151.426396230598
73,74,2,0.00038684719535783365,2.3586073500967113,6171,0.27238805970149255,1.8692317197309762,3.7903555464143865,2.352908355219722,6156.268098242985
74,75,3,0.0007736943907156673,2.359381044487427,6174,0.27611940298507465,1.8750612633917,3.7905666251460763,2.354365677061401,6161.035275203726
75,76,3,0.0007736943907156673,2.3601547388781428,6177,0.2798507462686567,1.8808135922807914,3.7907776013376937,2.355795102923862,6165.730341058187
76,77,3,0.0007736943907156673,2.3609284332688585,6180,0.2835820895522388,1.8864907251724818,3.790988475088816,2.3571975246461285,6170.355601210246
77,78,1,0.0,2.3609284332688585,6181,0.2873134328358209,1.8920946026904804,3.7910587435918255,2.3585737944834064,6174.91325873961
78,79,3,0.0007736943907156673,2.361702127659574,6184,0.291044776119403,1.8976270912904414,3.7912694809102687,2.3599247273457142,6179.405420188676
79,80,4,0.0011605415860735009,2.3628626692456476,6188,0.2947761194029851,1.9030899869919435,3.79155030502733,2.361251102883457,6183.834100953741
80,81,1,0.0,2.3628626692456476,6189,0.29850746268656714,1.9084850188786497,3.791620482692814,2.3625536674321848,6188.201230312202
81,82,3,0.0007736943907156673,2.3636363636363633,6192,0.30223880597014924,1.9138138523837167,3.7918309476748364,2.363833135827641,6192.508656114457
82,83,1,0.0,2.3636363636363633,6193,0.30597014925373134,1.919078092376074,3.791901080009571,2.365090193101232,6196.758149166689
83,84,2,0.00038684719535783365,2.364023210831721,6195,0.30970149253731344,1.9242792860618816,3.792041310712082,2.366325496065116,6200.951407328329
84,85,1,0.0,2.364023210831721,6196,0.31343283582089554,1.9294189257142929,3.7921114090871684,2.3675396747953337,6205.090059345942
85,86,1,0.0,2.364023210831721,6197,0.31716417910447764,1.9344984512435677,3.792181496149679,2.3687333340206407,6209.17566844336
86,87,1,0.0,2.364023210831721,6198,0.3208955223880597,1.9395192526186185,3.792251571903264,2.369907054424065,6213.209735686211
87,88,4,0.0011605415860735009,2.3651837524177943,6202,0.3246268656716418,1.9444826721501687,3.7925317619013077,2.371061393863607,6217.193703137428
88,89,5,0.0015473887814313346,2.366731141199226,6207,0.3283582089552239,1.9493900066449128,3.792881745385397,2.3721968885179616,6221.128956818935
89,90,3,0.0007736943907156673,2.3675048355899415,6210,0.332089552238806,1.9542425094393248,3.79309160017658,2.3733140539626545,6225.016829493466
90,91,1,0.0,2.3675048355899415,6211,0.3358208955223881,1.9590413923210936,3.793161529245551,2.3744133861815415,6228.858603279288
91,92,4,0.0011605415860735009,2.368665377176015,6215,0.33955223880597013,1.9637878273455553,3.7934411329776636,2.37549536251822,6232.655512109602
92,93,2,0.00038684719535783365,2.3690522243713725,6217,0.34328358208955223,1.968482948553935,3.793580867368156,2.37656044257153,6236.408744047409
93,94,2,0.00038684719535783365,2.36943907156673,6219,0.34701492537313433,1.9731278535996986,3.7937205568135233,2.377609069039002,6240.119443465824
94,95,2,0.00038684719535783365,2.369825918762088,6221,0.35074626865671643,1.9777236052888478,3.7938602013426697,2.378641668511789,6243.788713102977
95,97,4,0.0011605415860735009,2.370986460348161,6225,0.3582089552238806,1.9867717342662448,3.794139355767774,2.3806604167619523,6250.0071773296495
96,98,1,0.0,2.370986460348161,6226,0.3619402985074627,1.9912260756924949,3.7942091163464964,2.381647344728648,6253.558386123557
97,99,3,0.0007736943907156673,2.371760154738877,6229,0.3656716417910448,1.99563519459755,3.794418330874141,2.3826198053785146,6257.072196903463
98,100,2,0.00038684719535783365,2.3721470019342346,6231,0.3694029850746269,2.0,3.7945577512547617,2.3835781552123323,6260.549531223882
99,101,4,0.0011605415860735009,2.373307543520308,6235,0.373134328358209,2.0043213737826426,3.7948364578145615,2.384522738542045,6263.991279131189
100,102,8,0.0027079303675048355,2.3760154738878128,6243,0.376865671641791,2.0086001717619175,3.7953933349312896,2.385453888024992,6267.398300544607
101,103,2,0.00038684719535783365,2.3764023210831704,6245,0.3805970149253731,2.012837224705172,3.7955324427101544,2.386371925169835,6270.771426564027
102,104,2,0.00038684719535783365,2.376789168278528,6247,0.3843283582089552,2.0170333392987803,3.7956715059460215,2.387277160815925,6274.11146070917
103,105,3,0.0007736943907156673,2.3775628626692438,6250,0.3880597014925373,2.0211892990699383,3.7958800173440754,2.3881698955877626,6277.41918009437
104,107,1,0.0,2.3775628626692438,6251,0.39552238805970147,2.0293837776852097,3.7959494989028033,2.3899190164968265,6282.9406576443
105,108,4,0.0011605415860735009,2.378723404255317,6255,0.39925373134328357,2.03342375548695,3.796227314029439,2.390775956579808,6286.155847758807
106,109,5,0.0015473887814313346,2.3802707930367486,6260,0.40298507462686567,2.037426497940624,3.7965743332104296,2.391621504437476,6289.341588970879
107,110,5,0.0015473887814313346,2.38181818181818,6265,0.40671641791044777,2.041392685158225,3.796921075330169,2.3924559156657463,6292.498541995958
108,111,8,0.0027079303675048355,2.384526112185685,6273,0.41044776119402987,2.0453229787866576,3.7974752875373343,2.3932794379274736,6295.627347042522
109,112,10,0.003481624758220503,2.3880077369439054,6283,0.4141791044776119,2.0492180226701815,3.798167059715939,2.3940923112697257,6298.728624632244
110,113,12,0.00425531914893617,2.3922630560928417,6295,0.417910447761194,2.05307844348342,3.7989957344438814,2.3948947684257638,6301.802976380603
111,114,9,0.003094777562862669,2.395357833655704,6304,0.4216417910447761,2.0569048513364727,3.7996162044814987,2.3956870351026063,6304.8509857402405
112,115,11,0.0038684719535783366,2.3992263056092824,6315,0.4253731343283582,2.060697840353612,3.8003733548913496,2.396469330254984,6307.873218709137
113,116,16,0.005802707930367505,2.4050290135396497,6331,0.4291044776119403,2.0644579892269186,3.801472313521471,2.3972418663464445,6310.870224505563
114,117,5,0.0015473887814313346,2.406576402321081,6336,0.43283582089552236,2.0681858617461617,3.801815168581437,2.3980048495983324,6313.842536211693
115,118,4,0.0011605415860735009,2.4077369439071545,6340,0.43656716417910446,2.0718820073061255,3.8020892578817325,2.398758480227295,6316.790671387562
116,119,8,0.0027079303675048355,2.4104448742746594,6348,0.44029850746268656,2.075546961392531,3.802636918082811,2.3995029526719573,6319.715132657014
117,120,2,0.00038684719535783365,2.410831721470017,6350,0.44402985074626866,2.0791812460476247,3.8027737252919755,2.4002384558093386,6322.616408267144
118,122,1,0.0,2.410831721470017,6351,0.45149253731343286,2.0863598306747484,3.8028421127390746,2.4016832830934502,6327.351286796573
119,124,1,0.0,2.410831721470017,6352,0.458955223880597,2.093421685162235,3.8029104894190398,2.40309436949335,6331.9989451403135
120,126,2,0.00038684719535783365,2.4112185686653747,6354,0.4664179104477612,2.100370545117563,3.803047210491129,2.4044730457538313,6336.562823273657
121,127,1,0.0,2.4112185686653747,6355,0.4701492537313433,2.103803720955957,3.803115554890027,2.4051506263179867,6339.314369031999
122,129,1,0.0,2.4112185686653747,6356,0.47761194029850745,2.110589710299249,3.803183888535342,2.406483028022452,6343.758627438042
123,130,1,0.0,2.4112185686653747,6357,0.48134328358208955,2.113943352306837,3.8032522114304568,2.4071381395445983,6346.45209072279
124,134,5,0.0015473887814313346,2.412765957446806,6362,0.4962686567164179,2.1271047983648077,3.8035936647713444,2.4096878719978383,6354.043149114415
125,135,1,0.0,2.412765957446806,6363,0.5,2.130333768495006,3.8036619232362243,2.4103082809536254,6356.646906265125
126,136,2,0.00038684719535783365,2.4131528046421638,6365,0.503731343283582,2.1335389083702174,3.803798407989674,2.4109221305283492,6359.233707415786
127,137,1,0.0,2.4131528046421638,6366,0.5074626865671642,2.1367205671564067,3.8038666342849843,2.4115295404596346,6361.803862088159
128,138,1,0.0,2.4131528046421638,6367,0.5111940298507462,2.1398790864012365,3.803934849863842,2.412130627562275,6364.357672248484
129,139,2,0.00038684719535783365,2.4135396518375214,6369,0.5149253731343284,2.143014800254095,3.8040712488856614,2.412725505825403,6366.89543255867
130,140,3,0.0007736943907156673,2.414313346228237,6372,0.5186567164179104,2.146128035678238,3.804275767129094,2.413314286506043,6369.417430618125
131,141,1,0.0,2.414313346228237,6373,0.5223880597014925,2.1492191126553797,3.8043439184798657,2.4138970782192217,6371.923947196692
132,142,3,0.0007736943907156673,2.415087040618953,6376,0.5261194029850746,2.1522883443830563,3.804548308388056,2.414473987024805,6374.415256459125
133,143,1,0.0,2.415087040618953,6377,0.5298507462686567,2.155336037465062,3.804616416987255,2.4150451165112288,6376.89162618153
134,144,1,0.0,2.415087040618953,6378,0.5335820895522388,2.1583624920952498,3.8046845149069406,2.415610567876255,6379.353317960123
135,145,1,0.0,2.415087040618953,6379,0.5373134328358209,2.161368002234975,3.8047526021504603,2.416170440004927,6381.800587412739
136,146,1,0.0,2.415087040618953,6380,0.5410447761194029,2.164352855784437,3.8048206787211623,2.4167248295448336,6384.233684373398
137,147,1,0.0,2.415087040618953,6381,0.5447761194029851,2.167317334748176,3.8048887446223913,2.417273830978839,6386.652853080302
138,148,1,0.0,2.415087040618953,6382,0.5485074626865671,2.1702617153949575,3.8049567998574916,2.417817536695387,6389.058332357579
139,151,1,0.0,2.415087040618953,6383,0.5597014925373134,2.1789769472931693,3.805024844429805,2.419417773421531,6394.194944294661
140,153,1,0.0,2.415087040618953,6384,0.5671641791044776,2.184691430817599,3.805092878342673,2.420459724892794,6397.888388847876
141,154,1,0.0,2.415087040618953,6385,0.5708955223880597,2.187520720836463,3.805160901599434,2.4209734874785176,6400.216465131972
142,155,2,0.00038684719535783365,2.4154738878143105,6387,0.5746268656716418,2.1903316981702914,3.805296916157985,2.4214825478742914,6402.532386255047
143,156,3,0.0007736943907156673,2.4162475822050262,6390,0.5783582089552238,2.1931245983544616,3.8055008581584002,2.4219869839921944,6404.836353619826
144,157,1,0.0,2.4162475822050262,6391,0.582089552238806,2.1958996524092336,3.8055688175485556,2.422486872192489,6407.1285646175875
145,158,5,0.0015473887814313346,2.4177949709864577,6396,0.585820895522388,2.1986570869544226,3.805908455074197,2.4229822873357567,6409.409212762935
146,159,6,0.0019342359767891683,2.419729206963247,6402,0.5895522388059702,2.2013971243204513,3.8063156698081135,2.4234733028337474,6411.67848782524
147,160,1,0.0,2.419729206963247,6403,0.5932835820895522,2.204119982655925,3.8063835018241674,2.423959990699028,6413.936575956991
148,161,1,0.0,2.419729206963247,6404,0.5970149253731343,2.2068258760318495,3.8064513232472623,2.4244424215935116,6416.183659819231
149,162,4,0.0011605415860735009,2.42088974854932,6408,0.6007462686567164,2.2095150145426308,3.8067225030761813,2.424920664875958,6418.419918704355
150,163,2,0.00038684719535783365,2.421276595744678,6410,0.6044776119402985,2.2121876044039577,3.8068580295188172,2.42539478864853,6420.645528656453
151,164,1,0.0,2.421276595744678,6411,0.6082089552238806,2.214843848047698,3.8069257768837317,2.4258648598024783,6422.86066258941
152,166,1,0.0,2.421276595744678,6412,0.6156716417910447,2.220108088040055,3.8069935136821074,2.426793106033739,6426.260179097219
153,168,2,0.00038684719535783365,2.4216634429400354,6414,0.6231343283582089,2.225309281725863,3.8071289555924217,2.427705916171498,6429.619793303325
154,169,1,0.0,2.4216634429400354,6415,0.6268656716417911,2.2278867046136734,3.8071966607109475,2.42815668832653,6431.785039324083
155,172,1,0.0,2.4216634429400354,6416,0.6380597014925373,2.2355284469075487,3.807264355276107,2.429487197109196,6436.224404527275
156,173,1,0.0,2.4216634429400354,6417,0.6417910447761194,2.2380461031287955,3.8073320392911905,2.429923626762075,6438.352575179967
157,174,1,0.0,2.4216634429400354,6418,0.6455223880597015,2.2405492482825995,3.8073997127594854,2.4303566157140075,6440.471851620712
158,175,3,0.0007736943907156673,2.422437137330751,6421,0.6492537313432836,2.2430380486862944,3.8076026699164944,2.430786220390887,6442.582379710446
159,176,3,0.0007736943907156673,2.423210831721467,6424,0.6529850746268657,2.24551266781415,3.8078055322706246,2.431212496520397,6444.684303505229
160,177,2,0.00038684719535783365,2.4235976789168245,6426,0.6567164179104478,2.2479732663618064,3.807940721215499,2.431635499174676,6446.777765366539
161,178,2,0.00038684719535783365,2.423984526112182,6428,0.6604477611940298,2.250420002308894,3.808075868091307,2.432055282813494,6448.8629060728845
162,179,2,0.00038684719535783365,2.42437137330754,6430,0.664179104477612,2.2528530309798933,3.808210972924222,2.432471901328074,6450.939864933073
163,180,1,0.0,2.42437137330754,6431,0.667910447761194,2.255272505103306,3.808278509582768,2.4328854080856996,6453.0087799015355
164,181,1,0.0,2.42437137330754,6432,0.6716417910447762,2.2576785748691846,3.808346035740395,2.433295855975262,6455.069787696054
165,182,3,0.0007736943907156673,2.4251450676982556,6435,0.6753731343283582,2.2600713879850747,3.8085485512404054,2.433703297453918,6457.12302391838
166,183,1,0.0,2.4251450676982556,6436,0.6791044776119403,2.2624510897304293,3.808616035426992,2.43410778459503,6459.168623178154
167,184,4,0.0011605415860735009,2.426305609284329,6440,0.6828358208955224,2.2648178230095364,3.808885867359812,2.4345093691375856,6461.2067192206605
168,185,3,0.0007736943907156673,2.4270793036750447,6443,0.6865671641791045,2.2671717284030137,3.8090881313463463,2.4349081025373067,6463.23744505894
169,186,2,0.00038684719535783365,2.4274661508704023,6445,0.6902985074626866,2.2695129442179165,3.809222921689422,2.4353040360196703,6465.26093311085
170,188,2,0.00038684719535783365,2.42785299806576,6447,0.6977611940298507,2.27415784926368,3.8093576702111056,2.4360877073165814,6468.286723413365
171,189,4,0.0011605415860735009,2.4290135396518333,6451,0.7014925373134329,2.2764618041732443,3.80962704189405,2.4364755469400388,6470.289288840002
172,190,2,0.00038684719535783365,2.429400386847191,6453,0.7052238805970149,2.278753600952829,3.809761665107125,2.436860790387741,6472.285143152312
173,191,1,0.0,2.429400386847191,6454,0.7089552238805971,2.2810333672477277,3.809828961067886,2.4372434886151546,6474.274418070177
174,192,1,0.0,2.429400386847191,6455,0.7126865671641791,2.2833012287035497,3.809896246602439,2.437623692721613,6476.257245685371
175,193,2,0.00038684719535783365,2.4297872340425486,6457,0.7164179104477612,2.285557309007774,3.8100307864058394,2.4380014540252435,6478.233758655257
176,194,1,0.0,2.4297872340425486,6458,0.7201492537313433,2.287801729930226,3.810098040681143,2.4383768241426544,6480.204090408764
177,195,4,0.0011605415860735009,2.430947775628622,6462,0.7238805970149254,2.290034611362518,3.8103669536816254,2.438749855073908,6482.168375366055
178,196,3,0.0007736943907156673,2.4317214700193377,6465,0.7276119402985075,2.292256071356476,3.810568529216413,2.4391205992933926,6484.1267491734225
179,197,2,0.00038684719535783365,2.4321083172146953,6467,0.7313432835820896,2.294466226161593,3.8107028609471167,2.439489109847269,6486.079348955193
180,198,1,0.0,2.4321083172146953,6468,0.7350746268656716,2.296665190261531,3.8107700112343634,2.439855440458231,6488.02631358453
181,199,3,0.0007736943907156673,2.432882011605411,6471,0.7388059701492538,2.298853076409707,3.8109713998222077,2.4402196456384315,6489.9677839753485
182,200,2,0.00038684719535783365,2.4332688588007687,6473,0.7425373134328358,2.3010299956639813,3.8111056070179306,2.440581780811514,6491.903903397767
183,201,5,0.0015473887814313346,2.4348162475822,6478,0.746268656716418,2.303196057420489,3.811440943674158,2.4409419024448034,6493.83481781982
184,203,1,0.0,2.4348162475822,6479,0.753731343283582,2.307496037913213,3.811507979945327,2.4416563370536757,6496.681631283755
185,204,3,0.0007736943907156673,2.435589941972916,6482,0.7574626865671642,2.3096301674258988,3.811709026696191,2.4420107695392286,6498.5978392589095
186,205,1,0.0,2.435589941972916,6483,0.7611940298507462,2.311753861055754,3.811776021602904,2.442363427861772,6500.509461022684
187,207,4,0.0011605415860735009,2.4367504835589893,6487,0.7686567164179104,2.315970345456918,3.8120438979302267,2.443063680614132,6503.319614387535
188,208,2,0.00038684719535783365,2.437137330754347,6489,0.7723880597014925,2.3180633349627615,3.8121777741587537,2.4434114099114064,6505.218494620989
189,210,4,0.0011605415860735009,2.4382978723404203,6493,0.7798507462686567,2.322219294733919,3.812445402872756,2.44410243099955,6508.00478413384
190,211,3,0.0007736943907156673,2.439071566731136,6496,0.7835820895522388,2.3242824552976926,3.812646016233119,2.444445874513003,6509.892585616116
191,213,2,0.00038684719535783365,2.4394584139264937,6498,0.7910447761194029,2.3283796034387376,3.812779707008964,2.4451290336759515,6512.658552052338
192,214,1,0.0,2.4394584139264937,6499,0.7947761194029851,2.330413773349191,3.812846536967071,2.4454689242989187,6514.537169312708
193,215,1,0.0,2.4394584139264937,6500,0.7985074626865671,2.3324384599156054,3.8129133566428557,2.4458078136572063,6516.4131983038815
194,216,1,0.0,2.4394584139264937,6501,0.8022388059701493,2.3344537511509307,3.8129801660394804,2.4461458021591023,6518.286898581282
195,217,1,0.0,2.4394584139264937,6502,0.8059701492537313,2.3364597338485296,3.8130469651601078,2.4464829964775148,6520.158545894378
196,218,1,0.0,2.4394584139264937,6503,0.8097014925373134,2.3384564936046046,3.8131137540078988,2.4468195102787265,6522.02843407051
197,219,2,0.00038684719535783365,2.4398452611218513,6505,0.8134328358208955,2.3404441148401185,3.813247300897605,2.4471554650448337,6523.896877140897
198,220,1,0.0,2.4398452611218513,6506,0.8171641791044776,2.342422680822206,3.813314058945835,2.447490991004237,6525.7642117459545
199,221,2,0.00038684719535783365,2.440232108317209,6508,0.8208955223880597,2.3443922736851106,3.8134475442648212,2.4478262281870964,6527.630799863646
200,222,4,0.0011605415860735009,2.4413926499032823,6512,0.8246268656716418,2.346352974450639,3.813714391881145,2.4481613276256886,6529.497031912407
201,223,2,0.00038684719535783365,2.44177949709864,6514,0.8283582089552238,2.3483048630481607,3.8138477542288545,2.448496452723302,6531.363330289737
202,224,1,0.0,2.44177949709864,6515,0.832089552238806,2.3502480183341627,3.8139144200486035,2.4488317808197397,6533.230153419028
203,225,3,0.0007736943907156673,2.4425531914893557,6518,0.835820895522388,2.3521825181113627,3.8141143561291253,2.4491675049868995,6535.098000391136
204,226,2,0.00038684719535783365,2.4429400386847133,6520,0.8395522388059702,2.3541084391474008,3.81424759573192,2.4495038360944945,6536.967416304269
205,227,2,0.00038684719535783365,2.443326885880071,6522,0.8432835820895522,2.3560258571931225,3.814380794469938,2.449841005194044,6538.838998426605
206,229,3,0.0007736943907156673,2.4441005802707867,6525,0.8507462686567164,2.359835482339888,3.814580516010319,2.4505188994926566,6541.591355188519
207,230,1,0.0,2.4441005802707867,6526,0.8544776119402985,2.361727836017593,3.814647069451856,2.450860214865455,6543.473655427202
208,231,2,0.00038684719535783365,2.4444874274661443,6528,0.8582089552238806,2.3636119798921444,3.8147801457458046,2.4512035566928425,6545.361194050999
209,233,5,0.0015473887814313346,2.446034816247576,6533,0.8656716417910447,2.367355921026019,3.8151126581898125,2.451897899984737,6548.156071460547
210,234,5,0.0015473887814313346,2.4475822050290073,6538,0.8694029850746269,2.369215857410143,3.81544491624435,2.4522498124475502,6550.065765176919
211,235,3,0.0007736943907156673,2.448355899419723,6541,0.8731343283582089,2.3710678622717363,3.8156441491319653,2.4526055890985745,6551.985447819817
212,236,4,0.0011605415860735009,2.4495164410057964,6545,0.8768656716417911,2.3729120029701067,3.8159096508867747,2.452965844405548,6553.916707788343
213,237,4,0.0011605415860735009,2.4506769825918697,6549,0.8805970149253731,2.374748346010104,3.816174990428802,2.453331276558421,6555.86134990352
214,238,7,0.0023210831721470018,2.452998065764017,6556,0.8843283582089553,2.376576957056512,3.8166389448984614,2.4537026823166097,6557.821433788438
215,239,8,0.0027079303675048355,2.4557059961315217,6564,0.8880597014925373,2.3783979009481375,3.8171685723810556,2.454080975047869,6559.799320498743
216,240,3,0.0007736943907156673,2.4564796905222375,6567,0.8917910447761194,2.380211241711606,3.8173670162875943,2.454467206775611,6561.797729514957
217,241,2,0.00038684719535783365,2.456866537717595,6569,0.8955223880597015,2.3820170425748683,3.8174992618677583,2.454862595296299,6563.8198088409345
218,242,3,0.0007736943907156673,2.457640232108311,6572,0.8992537313432836,2.383815365980431,3.8176975547630243,2.4552685577580866,6565.869221804656
219,243,2,0.00038684719535783365,2.4580270793036685,6574,0.9029850746268657,2.385606273598312,3.8178296997456056,2.4556867525399726,6567.950255315832
220,244,1,0.0,2.4580270793036685,6575,0.9067164179104478,2.3873898263387296,3.8178957571617955,2.4561191318861164,6570.067955925613
221,245,5,0.0015473887814313346,2.4595744680851,6580,0.9104477611940298,2.3891660843645326,3.8182258936139557,2.4565680086044805,6572.2283022425845
222,246,1,0.0,2.4595744680851,6581,0.914179104477612,2.3909351071033793,3.818291890799996,2.457036141339523,6574.4384253626695
223,247,2,0.00038684719535783365,2.4599613152804576,6583,0.917910447761194,2.392696953259666,3.8184238550920786,2.457526844636688,6576.70689338584
224,248,5,0.0015473887814313346,2.461508704061889,6588,0.9216417910447762,2.3944516808262164,3.8187535904977166,2.4580441324798397,6579.0440824603875
225,249,3,0.0007736943907156673,2.4622823984526048,6591,0.9253731343283582,2.3961993470957363,3.8189513116401725,2.45859290758793,6581.462666114801
226,250,4,0.0011605415860735009,2.463442940038678,6595,0.9291044776119403,2.3979400086720375,3.819214799882384,2.459179214118112,6583.978268495322
227,251,4,0.0011605415860735009,2.4646034816247515,6599,0.9328358208955224,2.399673721481038,3.8194781283621224,2.4598105795335217,6586.610348094156
228,252,6,0.0019342359767891683,2.4665377176015406,6605,0.9365671641791045,2.401400540781544,3.819872821950546,2.460496483900422,6589.383410882593
229,253,5,0.0015473887814313346,2.468085106382972,6610,0.9402985074626866,2.403120521175818,3.82020145948564,2.4612490145679997,6592.328702658281
230,254,5,0.0015473887814313346,2.4696324951644035,6615,0.9440298507462687,2.404833716619938,3.82052984852352,2.4620837958976103,6595.486612395324
231,255,2,0.00038684719535783365,2.470019342359761,6617,0.9477611940298507,2.406540180433955,3.8206611346435957,2.463021336104249,6598.910153829484
232,256,9,0.003094777562862669,2.4731141199226236,6626,0.9514925373134329,2.4082399653118496,3.8212514315459414,2.4640890223253757,6602.670122711098
233,257,2,0.00038684719535783365,2.4735009671179813,6628,0.9552238805970149,2.4099331233312946,3.821382499747299,2.4653241512715582,6606.86293103698
234,258,7,0.0023210831721470018,2.4758220502901285,6635,0.9589552238805971,2.41161970596323,3.821840927200454,2.4667786669582754,6611.622854087143
235,259,8,0.0027079303675048355,2.4785299806576333,6643,0.9626865671641791,2.413299764081252,3.8223642524415493,2.468526815401999,6617.141817814169
236,260,12,0.00425531914893617,2.4827852998065696,6655,0.9664179104477612,2.4149733479708178,3.823148059810694,2.4706779956161418,6623.7026186677285
237,261,10,0.003481624758220503,2.48626692456479,6665,0.9701492537313433,2.416640507338281,3.823800153749878,2.4733993309656612,6631.737270546237
238,262,11,0.0038684719535783366,2.4901353965183683,6676,0.9738805970149254,2.4183012913197452,3.824516328007209,2.4769575139599653,6641.935173586513
239,263,15,0.005415860735009671,2.495551257253378,6691,0.9776119402985075,2.419955748489758,3.825491029879431,2.4818016650495163,6655.457304153002
240,264,19,0.006963249516441006,2.502514506769819,6710,0.9813432835820896,2.4216039268698313,3.826722520168992,2.488741481609895,6674.3967299615815
241,265,20,0.007350096711798839,2.509864603481618,6730,0.9850746268656716,2.423245873936808,3.828015064223977,2.49937314949997,6702.879591457425
242,266,43,0.016247582205029015,2.526112185686647,6773,0.9888059701492538,2.424881636631067,3.830781075606361,2.5172540013480593,6750.1015934847355
243,267,37,0.013926499032882012,2.540038684719529,6810,0.9925373134328358,2.4265112613645754,3.833147111912785,2.5518796071927454,6840.608784593249
244,268,179,0.06885880077369438,2.6088974854932236,6989,0.996268656716418,2.428134794028789,3.8444150404738244,2.6373641653759536,7062.586367496842
245,269,1032,0.3988394584139265,3.00773694390715,8021,1.0,2.429752280002408,3.9042285163400785,3.0012641273500624,8004.267769199913
